"species","species_number"
"Magnolia grandiflora Little Gem",1
"Cupaniopsis anacardioides",2
"Jacaranda mimosifolia",3
"Trachelospermum jasminoides",4
"Strelitzia reginae",5
"Archontophoenix cunninghamiana",6
"Elaeocarpus eumundi",7
"Brachychiton acerifolius",8
"Brachychiton rupestris",9
"Archontophoenix alexandrae",10
"Lophostemon confertus",11
"Howea forsteriana",12
"Pandanus tectorius",13
"Livistona australis",14
"Syzygium luehmannii",15
"Doryanthes excelsa",16
"Buckinghamia celsissima",17
"Harpullia pendula",18
"Phoenix canariensis",19
"Xanthorrhoea johnsonii",20
"Tristaniopsis laurina Luscious",21
"Callistemon viminalis",22
"Angophora costata",23
"Agathis robusta",24
"Allocasuarina littoralis",25
"Backhousia citriodora",26
"Quercus palustris",27
"Fraxinus angustifolia Raywoodii",28
"Isolepis nodosa",29
"Brachychiton populneus",30
"Araucaria heterophylla",31
"Flindersia australis",32
"Araucaria cunninghamii",33
"Delonix regia",34
"Ficus macrophylla",35
"Pistacia chinensis",36
"Pyrus calleryana",37
"Cordyline rubra",38
"Livistona decora",39
"Casuarina cunninghamiana",40
"Melia azedarach",41
"Xanthorrhoea glauca",42
"Leptospermum petersonii",43
"Grevillea baileyana",44
"Acacia melanoxylon",45
"Stenocarpus sinuatus",46
"Callistemon citrinus",47
"Hibbertia scandens",48
"Carex appressa",49
"Eucalyptus sideroxylon",50
"Eucalyptus polyanthemos",51
"Banksia robur",52
"Eucalyptus tereticornis",53
"Prunus cerasifera Nigra",54
"Westringia fruticosa",55
"Acacia implexa",56
"Eucalyptus pauciflora",57
"Backhousia myrtifolia",58
"Casuarina glauca",59
"Ficus microcarpa hillii",60
"Pittosporum tobira",61
"Furcraea foetida",62
"Eucalyptus mannifera",63
"Correa alba",64
"Betula pendula",65
"Hakea salicifolia",66
"Fraxinus pennsylvanica Cimmzam Cimmaron",67
"Hakea laurina",68
"Hibiscus tiliaceus",69
"Rhaphiolepis indica",70
"Castanospermum australe",71
"Robinia pseudoacacia Frisia",72
"Pittosporum tenuifolium Screenmaster",73
"Xanthostemon chrysanthus",74
"Ulmus parvifolia Todd",75
"Grevillea juniperina",76
"Crassula ovata",77
"Acacia pycnantha",78
"Calodendrum capense",79
"Melaleuca bracteata",80
"Camellia sasanqua",81
"Syzygium wilsonii",82
"Alectryon coriaceus",83
"Hibbertia obtusifolia",84
"Phormium tenax Purpurea",85
"Eucalyptus erythrocorys",86
"Elaeocarpus reticulatus",87
"Melaleuca thymifolia",88
"Westringia longifolia",89
"Hymenosporum flavum",90
"Atractocarpus fitzalanii",91
"Kennedia prostrata",92
"Trachelospermum asiaticum",93
"Liriodendron tulipifera",94
"Pandorea jasminoides",95
"Lagerstroemia indica",96
"Dysoxylum fraserianum",97
"Cordyline australis",98
"Kunzea parvifolia",99
"Dianella caerulea",100
"Agonis flexuosa",101
"Myoporum parvifolium",102
"Sarcopteryx stipata",103
"Murraya paniculata",104
"Zieria cytisoides",105
"Liriope muscari",106
"Zoysia macrantha",107
"Lomandra longifolia",108
"Stenotaphrum secundatum",109
"Quercus robur",110
"Hardenbergia violacea",111
"Ficus platypoda",112
"Alectryon oleifolius",113
"Xanthostemon paradoxus",114
"Syzygium floribundum",115
"Plectranthus argentatus",116
"Kennedia beckxiana",117
"Flindersia maculosa",118
"Baeckea virgata",119
"Acacia complanata",120
"Acacia falcata",121
"Acacia fimbriata",122
"Acacia rubida",123
"Allocasuarina torulosa",124
"Alphitonia excelsa",125
"Angophora hispida",126
"Atherosperma moschatum",127
"Austromyrtus tenuifolia",128
"Banksia spinulosa",129
"Banksia integrifolia",130
"Banksia serrata",131
"Calotis cuneifolia",132
"Ceratopetalum apetalum",133
"Ceratopetalum gummiferum ",134
"Chrysocephalum apiculatum",135
"Coronodium scorpiodes",136
"Cryptocarya glaucescens",137
"Ehretia acuminata",138
"Elaeocarpus angustifolius",139
"Elaeocarpus obovatus",140
"Eremophila maculata maculata",141
"Eucalyptus curtisii",142
"Eucalyptus paniculata",143
"Eucalyptus punctata",144
"Eucalyptus robusta",145
"Eucryphia moorei",146
"Ficus coronata",147
"Ficus destruens",148
"Flindersia bennettiana",149
"Geijera parviflora",150
"Glochidion ferdinandi",151
"Grapophyllum ilicifolium",152
"Grevillea rosmarinifolia",153
"Imperata cylindrica rubra",154
"Leucadendron salignum",155
"Lysiphyllum hookeri",156
"Macadamia tetraphylla",157
"Melaleuca decora",158
"Melaleuca linariifolia",159
"Melaleuca styphelioides",160
"Melaleuca viridiflora",161
"Melicope elleryana",162
"Mentha diemenica",163
"Microlaena stipoides",164
"Myoporum floribundum",165
"Myoporum insulare",166
"Myoporum montanum",167
"Olearia axillaris",168
"Olearia lepidophylla ",169
"Pavetta australiensis",170
"Pimelea linifolia White Jewel",171
"Podocarpus elatus",172
"Podocarpus spinulosus",173
"Prostanthera scutellarioides",174
"Rhodosphera rhodanthema",175
"Magnolia Grandiflora",176
"Eucalyptus leucoxylon",177
"Eucalyptus camaldulensis",178
"Platanus acerifolia",179
"Corymbia maculata",180
"Eucalyptus melliodora",181
"Corymbia ficifolia",182
"Melaleuca armillaris",183
"Eucalyptus microcarpa",184
"Callistemon salignus",185
"Corymbia citriodora",186
"Eucalyptus cladocalyx",187
"Ulmus procera",188
"Allocasuarina verticillata",189
"Koelreuteria paniculata",190
"Eucalyptus scoparia",191
"Eucalyptus nicholii",192
"Gleditsia triacanthos",193
"Pittosporum undulatum",194
"Prunus blireana",195
"Platanus orientalis",196
"Grevillea robusta",197
"Acacia mearnsii",198
"Liquidambar styraciflua",199
"Eucalyptus viminalis",200
"Fraxinus excelsior Aurea",201
"Cupressus macrocarpa",202
"Fraxinus griffithii",203
"Acer negundo",204
"Eucalyptus botryoides",205
"Sapium sebiferum",206
"Celtis australis",207
"Cupressus sempervirens",208
"Photinia glabra",209
"Acacia baileyana",210
"Pyrus ussuriensis",211
"Cupressocyparis leylandii Leightons Green",212
"Nerium oleander",213
"Eucalyptus torquata",214
"Eucalyptus tricarpa",215
"Casuarina equisetifolia",216
"Eucalyptus gomphocephala",217
"Metrosideros excelsa",218
"Eucalyptus goniocalyx",219
"Melaleuca nesophila",220
"Eucalyptus spathulata",221
"Syzygium australe",222
"Acer freemanii Autumn Blaze",223
"Ulmus glabra Lutescens",224
"Acacia dealbata",225
"Prunus serrulata",226
"Eucalyptus ovata",227
"Melaleuca rhaphiophylla",228
"Acer rubrum",229
"Eucalyptus globulus",230
"Melaleuca lanceolata",231
"Leptospermum laevigatum",232
"Corymbia eximia",233
"Acacia floribunda",234
"Eucalyptus rudis",235
"Banksia marginata",236
"Corymbia calophylla",237
"Casuarina obesa",238
"Cedrus deodara",239
"Malus ioensis Plena",240
"Bursaria spinosa",241
"Eucalyptus saligna",242
"Eucalyptus microcorys",243
"Washingtonia robusta",244
"Fraxinus ornus",245
"Cupressus torulosa",246
"Melaleuca ericifolia",247
"Peltophorum pterocarpum",248
"Washingtonia filifera",249
"Acer buergerianum",250
"Eucalyptus cinerea",251
"Eucalyptus largiflorens",252
"Ficus rubiginosa",253
"Eucalyptus obliqua",254
"Ficus benjamina",255
"Wodyetia bifurcata",256
"Acacia retinodes",257
"Syzygium paniculatum",258
"Acacia iteaphylla",259
"Syzygium smithii",260
"Eucalyptus occidentalis",261
"Populus simonii",262
"Eucalyptus bicostata",263
"Eucalyptus macrandra",264
"Eucalyptus pulchella",265
"Ginkgo biloba",266
"Eucalyptus caesia",267
"Acer platanoides",268
"Thuja occidentalis Smaragd",269
"Acacia longifolia",270
"Acacia pendula",271
"Caesalpinia ferrea",272
"Cocos nucifera",273
"Eucalyptus forrestiana",274
"Angophora floribunda",275
"Eucalyptus radiata",276
"Eucalyptus blakelyi",277
"Acacia salicina",278
"Callistemon pallidus",279
"Coprosma repens Evening Glow",280
"Acer palmatum",281
"Eucalyptus platypus",282
"Eucalyptus macrorhyncha",283
"Eucalyptus conferruminata",284
"Acer campestre",285
"Eucalyptus elata",286
"Callistemon subulatus",287
"Quercus rubra",288
"Roystonea regia",289
"Flindersia schottiana",290
"Cedrus atlantica Glauca",291
"Salix babylonica",292
"Syzygium tierneyanum",293
"Alnus jorullensis",294
"Tipuana tipu",295
"Araucaria columnaris",296
"Schinus areira",297
"Eucalyptus grandis",298
"Cercis siliquastrum",299
"Lophostemon suaveolens",300
"Afrocarpus falcatus",301
"Betula Nigra",302
"Photinia robusta",303
"Podocarpus totara",304
"Tabebuia palmerii",305
"Melicope micrococca",306
"Pararchidendron pruinosum",307
"Stenocarpus salignus",308
"Acronychia imperforata",309
"Auranticarpa rhombifolia",310
"Pittosporum revolutum",311
"Eupomatia laurina",312
"Guioa semiglauca",313
"Myrsine variabilis",314
"Synoum glandulosum",315
"Notelaea longifolia",316
"Pittosporum angustifolium",317
"Alstonia scholaris",318
"Correa reflexa",319
"Dianella longifolia",320
"Eremophila bignoniiflora",321
"Erythrina vespertilio",322
"Eucalyptus populnea ",323
"Eucryphia lucida",324
"Goodenia ovata",325
"Nematolepis squamea",326
"Notelaea microcarpa",327
"Pittosporum bicolor",328
"Zieria smithii",329
"Ajuga Reptans",330
"Arbutus unedo ",331
"Nandina domestica ",332
"Ophiopogon japonicus",333
"Quercus ilex ",334
"Stachys byzantina",335
"Tulbaghia violacea",336
"Xylosma congestum",337
"Acronychia oblongifolia",338
"Pomaderris aspera",339
"Handroanthus chrysotrichus",340
"Cryptocarya laevigata",341
"Correa pulchella",342
"Melastoma affine",343
"Cryptocarya mackinnoniana",344
"Toechima erythrocarpum",345
"Corymbia torelliana",346
"Eucalyptus astringens",347
"Eucalyptus marginata",348
"Flindersia brayleyana",349
"Abies balsamea",350
"Abies concolor",351
"Abies grandis",352
"Acacia howittii",353
"Acacia podalyriifolia",354
"Acacia pravissima",355
"Acer macrophyllum",356
"Acer pensylvanicum",357
"Acer saccharinum",358
"Acer saccharinum",359
"Acer saccharum",359
"Acer saccharum",360
"Aesculus glabra",361
"Ailanthus altissima",362
"Alnus glutinosa",362
"Alnus glutinosa",363
"Alnus rubra",364
"Amelanchier arborea",365
"Amelanchier canadensis",365
"Amelanchier canadensis",366
"Aralia spinosa",367
"Betula papyrifera",368
"Betula populifolia",369
"Calocedrus decurrens",369
"Calocedrus decurrens",370
"Carya illinoinensis",371
"Carpinus caroliniana",372
"Carya illinoinensis",373
"Carya ovata",374
"Castanea sativa",374
"Castanea dentata",375
"Catalpa bignonioides",375
"Castanea sativa",376
"Celtis occidentalis",376
"Catalpa bignonioides",377
"Celtis occidentalis",378
"Chamaecyparis lawsoniana",378
"Cercis canadensis Forest Pansy",379
"Chamaecyparis lawsoniana",380
"Cornus florida",381
"Cupressus nootkatensis",381
"Cladrastis kentukea",382
"Cornus florida",383
"Cornus racemosa",384
"Cupressus arizonica",384
"Dodonaea viscosa",386
"Dypsis lutescens",387
"Fagus grandifolia",388
"Fagus sylvatica",389
"Fraxinus americana",390
"Juglans nigra",396
"Juniperus virginiana",399
"Larix decidua",400
"Leptospermum scoparium",401
"Melaleuca incana",406
"Melaleuca quinquenervia",407
"Morus alba",408
"Morus nigra",409
"Nyssa sylvatica",410
"Abelia chinensis",
"Abelia engleriana",
"Abelia floribunda",
"Abelia grandiflora",
"Abelia mosanensis",
"Abelia schumannii",
"Abelmoschus esculentus",
"Abies firma",
"Abies homolepis",
"Abies koreana",
"Abies nordmanniana",
"Abies veitchii",
"Abrus precatorium",
"Abutilon frazeri",
"Abutilon hybridum",
"Abutilon megapotamicum",
"Abutilon vitifolium",
"Acacia acinacea",
"Acacia aculeatissima",
"Acacia acuminata",
"Acacia adunca",
"Acacia alcockii",
"Acacia ampliceps",
"Acacia anceps",
"Acacia aneura",
"Acacia aphylla",
"Acacia araneosa",
"Acacia argyrophylla",
"Acacia ashbyae",
"Acacia aulacocarpa",
"Acacia auriculiformis",
"Acacia beckleri",
"Acacia binerva",
"Acacia binervia",
"Acacia boormanii",
"Acacia boormannii",
"Acacia brachybotrya",
"Acacia burkittii",
"Acacia burrowii",
"Acacia buxifolia",
"Acacia calamifolia",
"Acacia cambagei",
"Acacia cardiophylla",
"Acacia chinchillensis",
"Acacia cognata",
"Acacia congesta",
"Acacia consobrina",
"Acacia continua",
"Acacia conveyi",
"Acacia courtii",
"Acacia covenyi",
"Acacia craspedocarpa",
"Acacia cultriformis",
"Acacia cupularis",
"Acacia cuthbertsonii",
"Acacia cyperophylla",
"Acacia dangarensis",
"Acacia decurrens",
"Acacia delphina",
"Acacia denticulosa",
"Acacia dodonaeifolia",
"Acacia drummondii",
"Acacia ehrenbergiana",
"Acacia elata",
"Acacia estrophiolata",
"Acacia etbaica",
"Acacia euthycarpa",
"Acacia excelsa",
"Acacia falciformis",
"Acacia farinosa",
"Acacia farnesiana",
"Acacia flexiflolia",
"Acacia fulva",
"Acacia genistifolia",
"Acacia gerrardii",
"Acacia gillii",
"Acacia glandulicarpa",
"Acacia glaucocarpa",
"Acacia glaucoptera",
"Acacia gracilifolia",
"Acacia guinetii",
"Acacia gunnii",
"Acacia hakeoides",
"Acacia harpophylla",
"Acacia havilandiorum",
"Acacia incurva",
"Acacia ingramii",
"Acacia ixiophylla",
"Acacia karroo",
"Acacia lanuginosa",
"Acacia lasiocarpa",
"Acacia leiocalyx",
"Acacia leiophylla",
"Acacia leprosa",
"Acacia ligulata",
"Acacia lineata",
"Acacia linifolia",
"Acacia littorea",
"Acacia macradenia",
"Acacia maidenii",
"Acacia maxwellii",
"Acacia menzelii",
"Acacia merinthophora",
"Acacia merrallii",
"Acacia microcarpa",
"Acacia montana",
"Acacia myrtifolia",
"Acacia nilotica",
"Acacia notabilis",
"Acacia nyssophylla",
"Acacia oraria",
"Acacia oswaldii",
"Acacia oxycedrus",
"Acacia papyrocarpa",
"Acacia paradoxa",
"Acacia parramattensis",
"Acacia pentadenia",
"Acacia prominens",
"Acacia pterocaulon",
"Acacia pubescens",
"Acacia pulchella",
"Acacia ramulosa",
"Acacia resinicostata",
"Acacia restiacea",
"Acacia rhetinocarpa",
"Acacia rhigiophylla",
"Acacia rigens",
"Acacia rivalis",
"Acacia rupicola",
"Acacia saligna",
"Acacia sclerophylla",
"Acacia siculiformis",
"Acacia spathulifolia",
"Acacia spectabilis",
"Acacia spinescens",
"Acacia stenophylla",
"Acacia stenoptera",
"Acacia stricta",
"Acacia suaveolens",
"Acacia terminalis",
"Acacia tetragonophylla",
"Acacia trineura",
"Acacia triptera",
"Acacia ulicifolia",
"Acacia verniciflua",
"Acacia verticillata",
"Acacia vestita",
"Acacia victoriae",
"Acacia viscidula",
"Acacia wardellii",
"Acacia wilhelmiana",
"Acaena buchananii",
"Acaena caesiiglauca",
"Acaena novaezelandiae",
"Acalypha hispida",
"Acalypha wilkesiana",
"Acanthus hungaricus",
"Acanthus mollis",
"Acca sellowiana",
"Acer barbatum",
"Acer buergeranum",
"Acer capillipes",
"Acer cappadocicum",
"Acer cappadocimum",
"Acer davidii",
"Acer griseum",
"Acer japonicum",
"Acer monspessulanum",
"Acer obtusifolium",
"Acer pennsylvanicum",
"Acer platinoides",
"Acer pseudoplatanus",
"Achillea filipendulina",
"Achillea millefolium",
"Achillea ptarmica",
"Achillea serbica",
"Achillea tomentosa",
"Achimenes longiflora",
"Acmadenia tetragona",
"Acmena ingens",
"Acmena smithii",
"Acokanthera oblongifolia",
"Aconitum napellus",
"Acorus gramineus",
"Acronychia acidula",
"Acrotriche serrulata",
"Actinidia deliciosa",
"Actinidia kolomikta",
"Actinodium cunninghamii",
"Actinostrobus acuminatus",
"Actinostrobus pyramidalis",
"Actinotus helianthi",
"Actinotus minor",
"Adansonia gregorii",
"Adenandra uniflora",
"Adenanthos cuneatus",
"Adenanthos cunninghamii",
"Adenanthos meisneri",
"Adenanthos obovatus",
"Adenanthos sericea",
"Adenanthos sericeus",
"Adenanthos terminalis",
"Adenium obesum",
"Adiantum aethiopicum",
"Adiantum formosum",
"Adiantum hispidulum",
"Adiantum raddianum",
"Adriana quadripartita",
"Aechmea blanchetiana",
"Aechmea caudata",
"Aechmea distichantha",
"Aechmea fasciata",
"Aechmea gamosepala",
"Aechmea gigantea",
"Aechmea nudicaulis",
"Aechmea pepita",
"Aechmea ramosa",
"Aechmea tayoensis",
"Aeonium arboreum",
"Aeonium haworthii",
"Aeonium undulatum",
"Aeschynanthus lobbianus",
"Aesculus californica",
"Aesculus hippocastanum",
"Aesculus indica",
"Aesculus parviflora",
"Aesculus pavia",
"Aethionema grandiflorum",
"Agapanthus africanus",
"Agapanthus orientalis",
"Agapanthus praecox",
"Agapetes serpens",
"Agaricus campestris",
"Agathus robusta",
"Agave americana",
"Agave angustifolia",
"Agave attenuata",
"Agave filifera",
"Agave flexispina",
"Agave geminiflora",
"Agave gypsophila",
"Agave parviflora",
"Agave potatorum",
"Agave sisalana",
"Agave stricta",
"Agave victoriaereginae",
"Ageratum houstonianum",
"Aglaomorpha meyeniana",
"Aglaonema nitidum",
"Agonis juniperina",
"Agrostis palustris",
"Ajuga australis",
"Ajuga reptans",
"Akebia quinata",
"Albizia lebbeck",
"Albizia lophantha",
"Albizia procera",
"Albizzia julibrissin",
"Alcantarea brasiliana",
"Alcantarea extensa",
"Alcantarea imperialis",
"Alcantarea vinicolor",
"Alcea rosea",
"Alchemilla mollis",
"Alchornea ilicifolia",
"Allamanda cathartica",
"Allamanda schottii",
"Allium ampeloprasum",
"Allium cepa",
"Allium cristophii",
"Allium fistulosum",
"Allium giganteum",
"Allium neopolitanum",
"Allium ornamental",
"Allium porrum",
"Allium sativum",
"Allium schoenoprasum",
"Allium siculum",
"Allium tuberosum",
"Allocasuarina crassa",
"Allocasuarina decaisneana",
"Allocasuarina distyla",
"Allocasuarina luehmanni",
"Allocasuarina luehmannii",
"Allocasuarina muelleriana",
"Allocasuarina nana",
"Allocasuarina paludosa",
"Allocasuarina pusilla",
"Allocasuarina striata",
"Allocasuarina tortiramula",
"Alloxylon flameum",
"Alloxylon flammeum",
"Alloxylon pinnatum",
"Alnus cordata",
"Alnus nepalensis",
"Alnus orientalis",
"Alocasia brisbanensis",
"Alocasia cuprea",
"Alocasia macrorrhiza",
"Alocasia macrorrhizos",
"Alocasia plumbea",
"Aloe arborescens",
"Aloe candelabrum",
"Aloe dorothea",
"Aloe ferox",
"Aloe marlothii",
"Aloe mitriformis",
"Aloe plicatilis",
"Aloe polyphylla",
"Aloe rupestris",
"Aloe saponaria",
"Aloe speciosa",
"Aloe striata",
"Aloe succotrina",
"Aloe variegata",
"Aloe vera",
"Alonsoa warscewiczii",
"Aloysia triphylla",
"Alpinia caerulea",
"Alpinia purpurata",
"Alpinia sericea",
"Alpinia zerumbet",
"Alstroemeria aurea",
"Alstroemeria hybrida",
"Alstroemeria staprisara",
"Alternanthera dentata",
"Alternanthera ficoidea",
"Althaea offinalis",
"Alyogyne hakeifolia",
"Alyogyne huegelii",
"Alyogyne pinoniana",
"Alyxia buxifolia",
"Amaranthus caudatus",
"Amaranthus tricolor",
"Amaranthus tricolour",
"Amaryllis belladonna",
"Amelanchier ovalis",
"Ammobium alatum",
"Amorphophallus bulbifer",
"Amorphophallus titanum",
"Amsonia ciliata",
"Amsonia hubrichtii",
"Amsonia orientalis",
"Amsonia tabernaemontana",
"Anagallis monellii",
"Ananas comosus",
"Andromeda polifolia",
"Androsace darwasica",
"Androsace lanuginosa",
"Anemone coronaria",
"Anemone hybrida",
"Anemone magellanica",
"Anemone nemorosa",
"Anethum graveolens",
"Angelica archangelica",
"Angelica pachycarpa",
"Angelonia angustifolia",
"Angiopteris evecta",
"Angophora bakeri",
"Angophora subvelutina",
"Angraecum sesquipedale",
"Anigozanthos flavidus",
"Anigozanthos humilis",
"Anigozanthos kalbarriensis",
"Anigozanthos rufus",
"Anigozanthos viridis",
"Anigozanthus flavidus",
"Anisacanthus thurberi",
"Anisodontea capensis",
"Anopterus glandulosus",
"Antennaria dioica",
"Anthemis tinctoria",
"Anthriscus sylvestris",
"Anthurium andraeanum",
"Anthurium scherzerianum",
"Antigonon leptopus",
"Antirrhinum majus",
"Aphanopetalum resinosum",
"Aphelandra sinclairiana",
"Aphelandra squarrosa",
"Apium graveolens",
"Apium prostratum",
"Aponogeton distachyos",
"Aptenia cordifolia",
"Aquilegia caerulea",
"Aquilegia eximia",
"Aquilegia hybrida",
"Aquilegia vulgaris",
"Arabis caucasica",
"Arachis pinto",
"Araucaria araucana",
"Araucaria bidwillii",
"Araucaria montana",
"Arbutus andrachnoides",
"Arbutus canariensis",
"Arbutus unedo",
"Arctotis hybrida",
"Ardisia crenata",
"Areca catechu",
"Arenaria montana",
"Argyranthemum foeniculaceum",
"Argyranthemum frutescens",
"Argyreia campanulata",
"Argyreia nervosa",
"Arisaema sikokianum",
"Arisaema tortuosum",
"Arisarum proboscideum",
"Aristea ecklonii",
"Aristea major",
"Aristida behriana",
"Aristolochia californica",
"Aristolochia elegans",
"Aristolochia littoralis",
"Armeria maritima",
"Armoracia rusticana",
"Arpophyllum giganteum",
"Artanema fimbriatum",
"Artemisia abrotanum",
"Artemisia absinthium",
"Artemisia arborescens",
"Artemisia californica",
"Artemisia dracunculus",
"Artemisia ludoviciana",
"Arthropodium cirratum",
"Arthropodium cirrhatum",
"Arthropodium fimbriatum",
"Arthropodium miliflorum",
"Arthropodium milleflorum",
"Arthropodium strictum",
"Artocarpus heterophyllus",
"Arum italicum",
"Arundo donax",
"Asclepias curassavica",
"Asparagus officinalis",
"Asphodelus tenuifolius",
"Aspidistra elatior",
"Asplenium australasicum",
"Asplenium bulbiferum",
"Asplenium flabellifolium",
"Asplenium nidus",
"Astelia banksii",
"Aster alpinus",
"Aster novibelgii",
"Asteriscus aurelia",
"Asterolasia species",
"Astilbe arendsii",
"Astilbe chinensis",
"Astilbe japonica",
"Astrantia major",
"Astroloma conostephioides",
"Astroloma humifusum",
"Astroloma pinifolium",
"Astrophytum myriostigma",
"Astrophytum ornatum",
"Atalaya hemiglauca",
"Athertonia diversifolia",
"Atriplex cinerea",
"Atriplex halimus",
"Atriplex leucoclada",
"Atriplex nummularia",
"Atriplex rhagodioides",
"Atriplex semibaccata",
"Atriplex suberecta",
"Atriplex vesicaria",
"Aubrieta deltoidea",
"Aulax cancellata",
"Aulax umbellata",
"Austrodanthonia caespitosa",
"Austrodanthonia carphoides",
"Austrodanthonia eriantha",
"Austrodanthonia fulva",
"Austrodanthonia geniculata",
"Austromyrtus dulcis",
"Austrostipa elegantissima",
"Austrostipa eremophila",
"Austrostipa flavescens",
"Austrostipa mollis",
"Austrostipa nitida",
"Austrostipa nodosa",
"Austrostipa ramosissima",
"Austrostipa ramossissima",
"Austrostipa stipoides",
"Averrhoa carambola",
"Axonopus affinis",
"Azadirachta indica",
"Azalea indica",
"Azalea karume",
"Azalea mollis",
"Azara lanceolata",
"Azara microphylla",
"Babiana stricta",
"Babingtonia behrii",
"Babingtonia virgata",
"Baccharis pilularis",
"Backhousa citridora",
"Bacopa monnieri",
"Baeckea crassifolia",
"Baeckea imbricata",
"Baeckea linifolia",
"Ballota acetabulosa",
"Baloskion pallens",
"Baloskion tetraphyllum",
"Bambusa multiplex",
"Bambusa oldhamii",
"Bambusa textilis",
"Banksia aculeata",
"Banksia aemula",
"Banksia aquilonia",
"Banksia ashbyi",
"Banksia ashbyii",
"Banksia baueri",
"Banksia baxteri",
"Banksia blechnifolia",
"Banksia brownii",
"Banksia burdettii",
"Banksia caleyi",
"Banksia candolleana",
"Banksia coccinea",
"Banksia cuneata",
"Banksia dryandroides",
"Banksia elegans",
"Banksia epica",
"Banksia ericifolia",
"Banksia formosa",
"Banksia fraseri",
"Banksia grandis",
"Banksia grossa",
"Banksia heliantha",
"Banksia hookeriana",
"Banksia incana",
"Banksia integrefolia",
"Banksia laevigata",
"Banksia laricina",
"Banksia lemanniana",
"Banksia leptophylla",
"Banksia lindelyana",
"Banksia littoralis",
"Banksia media",
"Banksia meisneri",
"Banksia menziesii",
"Banksia micrantha",
"Banksia nivea",
"Banksia nutans",
"Banksia oblongifolia",
"Banksia occidentalis",
"Banksia oreophila",
"Banksia ornata",
"Banksia paludosa",
"Banksia petiolaris",
"Banksia pilostylis",
"Banksia plagiocarpa",
"Banksia praemorsa",
"Banksia prionotes",
"Banksia saxicola",
"Banksia scabrella",
"Banksia sceptrum",
"Banksia seminuda",
"Banksia speciosa",
"Banksia sphaerocarpa",
"Banksia telmatiaea",
"Banksia tricuspis",
"Banksia verticillata",
"Banksia victoriae",
"Banksia violacea",
"Barklya syringifolia",
"Barleria micans",
"Barringtonia neocaledonica",
"Bartlettina sordida",
"Bassia eriophora",
"Bassia scoparia",
"Bauera rubiodes",
"Bauera rubioides",
"Bauera sessiliflora",
"Bauhinia aculeata",
"Bauhinia alba",
"Bauhinia blakeana",
"Bauhinia corymbosa",
"Bauhinia cunninghamii",
"Bauhinia galpinii",
"Bauhinia gilva",
"Bauhinia hookeri",
"Bauhinia purpurea",
"Bauhinia variegata",
"Baumea articulata",
"Baumea rubiginosa",
"Beaucarnea recurvata",
"Beaufortia macrostemon",
"Beaufortia orbifolia",
"Beaufortia sparsa",
"Beaufortia squarrosa",
"Begonia semperflorens",
"Begonia tuberhybrida",
"Belamcanda chinensis",
"Belamcanda flabellata",
"Bellis perennis",
"Beloperone guttata",
"Berberis darwinii",
"Berberis stenophylla",
"Berberis thunbergii",
"Bergenia ciliata",
"Bergenia cordifolia",
"Bergenia crassifolia",
"Bergenia schmidtii",
"Bergenia stracheyi",
"Berkheya purpurea",
"Berzelia lanuginosa",
"Beschorneria yuccoides",
"Beta vulagris",
"Beta vulgaris",
"Beyeria lechenaultii",
"Bidens ferulifolia",
"Billardiera cymosa",
"Billardiera heterophylla",
"Billardiera lehmanniana",
"Billardiera scandens",
"Billbergia distachia",
"Billbergia nutans",
"Billbergia pyramidalis",
"Billbergia vittata",
"Bismarckia nobilis",
"Blancoa canescens",
"Blandfordia grandiflora",
"Blandfordia nobilis",
"Blechnum brasiliense",
"Blechnum cartilagineum",
"Blechnum gibbum",
"Blechnum nudum",
"Blechnum patersonii",
"Blechnum pennamarina",
"Blepharis ciliaris",
"Bletilla striata",
"Boea hygroscopica",
"Bolboschoenus caldwellii",
"Boltonia asteroides",
"Bombax ceiba",
"Borago officinalis",
"Borinda papyrifera",
"Boronia alata",
"Boronia anemonifolia",
"Boronia coerulescens",
"Boronia crenulata",
"Boronia denticulata",
"Boronia filifolia",
"Boronia floribunda",
"Boronia gunnii",
"Boronia heterophylla",
"Boronia ledifolia",
"Boronia megastigma",
"Boronia muelleri",
"Boronia pinnata",
"Boronia purdieana",
"Boronia serrulata",
"Bossiaea prostrata",
"Bossiaea walkeri",
"Bothriochloa macra",
"Bougainvillea glabra",
"Bougainvillea spectabilis",
"Bouteloua gracilis",
"Bouvardia longiflora",
"Bowenia spectabilis",
"Brachychiton acerfolius",
"Brachychiton acerifolium",
"Brachychiton bidwillii",
"Brachychiton discolor",
"Brachychiton spectabilis",
"Brachychriton populneus",
"Brachycome formosa",
"Brachyscome angustifolia",
"Brachyscome ciliaris",
"Brachyscome iberidifolia",
"Brachyscome multifida",
"Brachyscome segmentosa",
"Brachysema lanceolatum",
"Bracteantha bracteata",
"Brassica juncea",
"Brassica oleracea",
"Breynia cernua",
"Breynia disticha",
"Breynia nivosa",
"Breynia oblongifolia",
"Browallia speciosa",
"Brownea grandiceps",
"Brugmansia candida",
"Brugmansia versicolor",
"Brunfelsia americana",
"Brunfelsia australis",
"Brunfelsia pauciflora",
"Brunnera macrophylla",
"Brunonia australis",
"Bryophyllum tubiflorum",
"Buddleia davidii",
"Buddleja alternifolia",
"Buddleja colvilei",
"Buddleja crispa",
"Buddleja davidii",
"Buddleja fallowiana",
"Buddleja globosa",
"Buddleja salviifolia",
"Bulbine bulbosa",
"Bulbine frutescens",
"Bulbine glauca",
"Burchellia bubalina",
"Butia capitata",
"Buxus balearica",
"Buxus microphylla",
"Buxus sempervirens",
"Caesalpinia gilliesii",
"Caesalpinia pulcherrima",
"Caladenia flava",
"Caladium bicolor",
"Calamintha nepeta",
"Calamintha sylvatica",
"Calandrinia balonensis",
"Calanthe triplicata",
"Calathea insignis",
"Calathea makoyana",
"Calathea zebrina",
"Calceolaria herbeohybrida",
"Calectasia cyanea",
"Calendula officinalis",
"Calibrachoa hybrida",
"Callerya megasperma",
"Calliandra californica",
"Calliandra emarginata",
"Calliandra eriophylla",
"Calliandra haematocephala",
"Calliandra portoricensis",
"Calliandra tweedii",
"Callicarpa pedunculata",
"Callicoma serratifolia",
"Calligonum comosum",
"Callistemon brachyandrus",
"Callistemon macropunctatus",
"Callistemon pearsonii",
"Callistemon phoeniceus",
"Callistemon pinifolius",
"Callistemon polandii",
"Callistemon rigidus",
"Callistemon rugulosus",
"Callistemon sieberi",
"Callistemon teretifolius",
"Callistephus chinensis",
"Callitris canescens",
"Callitris columellaris",
"Callitris drummondii",
"Callitris glaucophylla",
"Callitris gracilis",
"Callitris oblonga",
"Callitris rhomboidea",
"Callitris verrucosa",
"Calluna vulgaris",
"Calocephalus citreus",
"Calocephelus citreus",
"Calochlaena dubia",
"Calodendron capense",
"Calodendrum capensis",
"Calomeria amaranthoides",
"Calostemma luteum",
"Calostemma purpureum",
"Calothamnus graniticus",
"Calothamnus hirsutus",
"Calothamnus homalophyllus",
"Calothamnus quadrifidus",
"Calothamnus sanguineus",
"Calothamnus tuberosus",
"Calothamnus villosus",
"Calotropis procera",
"Calycanthus occidentalis",
"Calytrix flavescens",
"Calytrix fraseri",
"Calytrix glutinosa",
"Calytrix tetragona",
"Camassia leichtlinii",
"Camellia chekiangolosea",
"Camellia japonica",
"Camellia japonicas",
"Camellia reticulata",
"Camellia sasanquas",
"Campanula carpatica",
"Campanula celsii",
"Campanula isophylla",
"Campanula medium",
"Campanula persicifolia",
"Campanula portenschlagiana",
"Campanula poscharskyana",
"Campanula punctata",
"Campanula takesimana",
"Campsis grandiflora",
"Campsis radicans",
"Camptotheca acuminata",
"Canna generalis",
"Canna indica",
"Cantua buxifolia",
"Capparis mitchellii",
"Capparis spinosa",
"Capsicum annum",
"Capsicum annuum",
"Capsicum frutescens",
"Cardamine pratensis",
"Carex bichenoviana",
"Carex buchananii",
"Carex gaudichaudiana",
"Carex hattoriana",
"Carex riparia",
"Carex tereticaulis",
"Carex testacea",
"Carica papaya",
"Carissa grandiflora",
"Carissa macrocarpa",
"Carpenteria californica",
"Carpobrotus acinaciformis",
"Carpobrotus glaucescens",
"Carpobrotus modestus",
"Carpobrotus rossii",
"Carthamus tinctorius",
"Carum carvi",
"Carya illinoensis",
"Caryopteris clandonensis",
"Caryota mitis",
"Casimiroa edulis",
"Cassia fistula",
"Cassia italica",
"Cassia javanica",
"Cassinia arcuata",
"Cassinia aureonitens",
"Cassinia laevis",
"Cassinia uncata",
"Casuarina glauca",
"Casuarina pauper",
"Catananche caerulea",
"Catharanthus roseus",
"Cattleya orchids",
"Ceanothus concha",
"Cedrela sinensis",
"Cedrus libani",
"Celosia argentea",
"Celosia cristata",
"Celosia plumosa",
"Celtis africana",
"Celtis laevigata",
"Celtis tournefortii",
"Centaurea cineraria",
"Centaurea clementei",
"Centaurea cyanus",
"Centaurea gymnocarpa",
"Centaurea macrocephela",
"Centaurea ragusina",
"Centranthus ruber",
"Cephalocereus senilis",
"Cephalotaxus harringtonia",
"Cerastium tomentosum",
"Ceratonia siliqua",
"Ceratopetalum gummiferum",
"Ceratostigma griffithii",
"Ceratostigma plumbaginoides",
"Ceratostigma willmottianum",
"Cercidiphyllum japonicum",
"Cercidium floridum",
"Cercis canadensis",
"Cercis candensis",
"Cercis chinensis",
"Cercis occidentalis",
"Cereus peruvianus",
"Cestrum elegans",
"Cestrum fasciculatum",
"Cestrum nocturnum",
"Cestrum parqui",
"Chaenomeles japonica",
"Chaenomeles speciosa",
"Chamaecereus silvestrii",
"Chamaecyparis nootkatensis",
"Chamaecyparis thyoides",
"Chamaedorea elegans",
"Chamaedorea metallica",
"Chamaedorea seifrizii",
"Chamaedorea tepejilote",
"Chamaemelum nobile",
"Chamaerops humilis",
"Chamaescilla corymbosa",
"Chamelaucium floriferum",
"Chamelaucium uncinatum",
"Chamelaucium unicatum",
"Cheilanthes austrotenuifolia",
"Cheilanthes seiberi",
"Cheiranthera alternifolia",
"Cheiranthus cheiri",
"Chenopodium bonushenricus",
"Chenopodium curvispicatum",
"Chiastophyllum oppositifolium",
"Chilopsis linearis",
"Chimonanthus praecox",
"Chinodoxa luciliae",
"Chionanthus retusus",
"Chloris truncata",
"Chlorophytum comosum",
"Chlorophytum orchidastrum",
"Choisya ternata",
"Chorisia speciosa",
"Chorizandra enodis",
"Chorizema cordatum",
"Chorizema varium",
"Chrysalidocarpus lutescens",
"Chrysanthemum carinatum",
"Chrysanthemum grandiflorum",
"Chrysanthemum indicum",
"Chrysanthemum palodosum",
"Chrysocephalum baxteri",
"Chrysocephalum leucopsideum",
"Chrysocephalum semipapposum",
"Chrysocephelum apiculatum",
"Cinnamomum camphora",
"Cissus antarctica",
"Cissus antartica",
"Cissus rhombifolia",
"Cistus albidus",
"Cistus creticus",
"Cistus ladanifer",
"Cistus monspeliensis",
"Cistus purpureus",
"Cistus salviifolius",
"Citharexylum fruticosum",
"Citharexylum quadrangulare",
"Citharexylum spinosum",
"Citriobatus pauciflorus",
"Citrullus colocynthis",
"Citrus aurantifolia",
"Citrus aurantiifolia",
"Citrus aurantium",
"Citrus australasica",
"Citrus glauca",
"Citrus hystrix",
"Citrus japonica",
"Citrus latifolia",
"Citrus limon",
"Citrus limonia",
"Citrus medica",
"Citrus paradisi",
"Citrus reticulata",
"Citrus sinensis",
"Citrus tangelo",
"Clarkia amoena",
"Clematis aristata",
"Clematis armandii",
"Clematis durandii",
"Clematis gentianoides",
"Clematis jackmanii",
"Clematis microphylla",
"Clematis montana",
"Clematis terniflora",
"Cleome hassleriana",
"Clerodendrum buchananii",
"Clerodendrum inerme",
"Clerodendrum speciosum",
"Clerodendrum splendens",
"Clerodendrum thompsoniae",
"Clerodendrum ugandense",
"Clethra arborea",
"Cleyera japonica",
"Clianthus puniceus",
"Clitoria ternatea",
"Clivia crytanthiflora",
"Clivia miniata",
"Clytostoma callistegioides",
"Clytostoma calystegioides",
"Cobaea scandens",
"Cochliasanthus caracalla",
"Codiaeum variegatum",
"Codonocarpus cotinifolius",
"Coelogyne cristata",
"Coffea arabica",
"Colchicum autumnale",
"Coleonema album",
"Coleonema pulchellum",
"Coleonema pulchrum",
"Coleus blumei",
"Colletia paradoxa",
"Colocasia esculenta",
"Colocasia gigantea",
"Columnea gloriosa",
"Commersonia fraseri",
"Conocarpus erectus",
"Conocarpus lancifolius",
"Conospermum caeruleum",
"Conospermum triplinervium",
"Conostylis aculeata",
"Conostylis bealiana",
"Conostylis candicans",
"Conostylis robusta",
"Consolida ajacis",
"Convallaria majalis",
"Convolvulus cneorum",
"Convolvulus erubescens",
"Convolvulus mauritanicus",
"Convolvulus remotus",
"Convolvulus sabatius",
"Coprosma kirkii",
"Coprosma repens",
"Cordia myxa",
"Cordyline banksii",
"Cordyline fruticosa",
"Cordyline stricta",
"Cordyline terminalis",
"Coreopsis grandiflora",
"Coreopsis lanceolata",
"Coreopsis tinctoria",
"Coreopsis verticillata",
"Coriandrum sativum",
"Cornus capitata",
"Cornus kousa",
"Cornus sericea",
"Coronidium elatum",
"Corpuscularia lehmannii",
"Correa baeuerlenii",
"Correa decumbens",
"Correa glabra",
"Correa pulchella",
"Cortaderia rudiuscula",
"Cortaderia selloana",
"Corylopsis spicata",
"Corylus avellana",
"Corymbia aparrerinja",
"Corymbia gummifera",
"Corymbia henryi",
"Corymbia terminalis",
"Corymbia tessellaris",
"Cosmos atrosanguineus",
"Cosmos bipinnatus",
"Cosmos sulphureus",
"Costus barbatus",
"Cotinus coggygria",
"Cotoneaster conspicuus",
"Cotoneaster dammeri",
"Cotoneaster franchetii",
"Cotoneaster frigida",
"Cotoneaster glaucophyllus",
"Cotoneaster horizontalis",
"Cotoneaster lacteus",
"Cotoneaster serotinus",
"Cotyledon orbiculata",
"Craspedia glauca",
"Craspedia globosa",
"Craspedia variabilis",
"Crassula arborescens",
"Crassula argentea",
"Crassula coccinea",
"Crassula falcata",
"Crassula multicava",
"Crataegus azarolus",
"Crataegus douglasii",
"Crataegus laevigata",
"Crataegus phaenopyrum",
"Crataegus prunifolia",
"Crataegus tanacetifolia",
"Cratageus monogyna",
"Crescentia cujete",
"Crinodendron hookerianum",
"Crinodendron patagua",
"Crinum asiaticum",
"Crinum flaccidum",
"Crinum luteolum",
"Crinum moorei",
"Crinum pedunculatum",
"Crinum powellii",
"Crocosmia crocosmiiflora",
"Crocus vernus",
"Crowea angustifolia",
"Crowea exalata",
"Crowea saligna",
"Cryptandra scortechinii",
"Cryptandra tomentosa",
"Cryptomeria japonica",
"Ctenanthe lubbersiana",
"Cucumis melo",
"Cucumis sativa",
"Cucumis sativus",
"Cucurbita maxima",
"Cucurbita pepo",
"Cullen australasicum",
"Cuminum cyminum",
"Cunonia capensis",
"Cupaniopsis anacardiodes",
"Cupaniopsis anacardiopsis",
"Cupaniopsis anarcardiodes",
"Cupaniopsis newmanii",
"Cuphea caeciliae",
"Cuphea hyssopifolia",
"Cuphea ignea",
"Cupressocyparis leylandii",
"Cupressus arizonica",
"Cupressus glabra",
"Cupressus lusitanica",
"Curcuma australasica",
"Curtisia dentata",
"Cussonia paniculata",
"Cussonia spicata",
"Cyanostegia angustifolia",
"Cyanostegia lanceolata",
"Cyathea australis",
"Cyathea brownii",
"Cyathea cooperi",
"Cyathea copperi",
"Cyathea dealbata",
"Cycas armstrongii",
"Cycas media",
"Cycas revoluta",
"Cyclamen hederifolium",
"Cyclamen persicum",
"Cydonia oblonga",
"Cydonia sinensis",
"Cymbidium suave",
"Cymbopogon ambiguus",
"Cymbopogon citratus",
"Cymbopogon obtectus",
"Cynara cardunculus",
"Cynara scolymus",
"Cynodon dactylon",
"Cyperus alternifolius",
"Cyperus exaltatus",
"Cyperus gymnocaulos",
"Cyperus involucratus",
"Cyperus papyrus",
"Cyperus vaginatus",
"Cyphomandra betacea",
"Cyrtanthus brachyscyphus",
"Cyrtanthus elatus",
"Cyrtanthus montanus",
"Cyrtomium falcatum",
"Cyrtostachys renda",
"Cytisus battandieri",
"Cytisus scoparius",
"Daboecia cantabrica",
"Dacrydium cupressinum",
"Dactyloctenium australe",
"Dactylorhiza foliosa",
"Dactylorhiza fuchsii",
"Dactylorhiza maculata",
"Daecus carota",
"Dahlia hybrids",
"Dahlia imperialis",
"Dahlia variabilis",
"Dais cotinifolia",
"Dalbergia sissoo",
"Dampiera diversifolia",
"Dampiera dysantha",
"Dampiera linearis",
"Dampiera purpurea",
"Dampiera rosmarinifolia",
"Dampiera stenophylla",
"Dampiera stricta",
"Dampiera teres",
"Dampiera trigona",
"Daphne odora",
"Darlingia darlingiana",
"Darmera peltata",
"Darwinia citriodora",
"Darwinia fascicularis",
"Darwinia macrostegia",
"Darwinia meeboldii",
"Darwinia oldfieldii",
"Darwinia pinifolia",
"Darwinia virescens",
"Dasylirion wheeleri",
"Datura cornigera",
"Datura sanguinea",
"Datura suaveolens",
"Daucus carota",
"Davallia canariensis",
"Davallia pyxidata",
"Davidia involucrata",
"Davidsonia jerseyana",
"Davidsonia pruriens",
"Daviesia arborea",
"Daviesia arenaria",
"Daviesia leptophylla",
"Daviesia mimosoides",
"Daviesia pachyphylla",
"Daviesia ulicifolia",
"Decaspermum humile",
"Delosperma cooperi",
"Delosperma lehmannii",
"Delosperma lineare",
"Delospermum sutherlandii",
"Delphinium belladonna",
"Delphinium consolida",
"Delphinium cultorum",
"Delphinium elatum",
"Dendrobium bigibbum",
"Dendrobium falcorostrum",
"Dendrobium kingianum",
"Dendrobium linguiforme",
"Dendrobium nobile",
"Dendrobium speciosum",
"Dendrobium teretifolium",
"Dendrobium thyrsiflorum",
"Dendromecon rigida",
"Dennstaedtia davallioides",
"Deschampsia caespitosa",
"Deutzia gracilis",
"Deutzia hybrida",
"Deutzia scabra",
"Dianella brevicaulis",
"Dianella caeruela",
"Dianella caerula",
"Dianella prunina",
"Dianella revoluta",
"Dianella tasmanica",
"Dianthus barbatus",
"Dianthus caryophyllus",
"Dianthus chinensis",
"Dianthus deltoides",
"Dianthus plumarius",
"Diascia barberae",
"Dicentra formosa",
"Dicentra spectabilis",
"Dichanthium sericeum",
"Dichelachne crinita",
"Dichondra argentea",
"Dichondra micrantha",
"Dichondra repens",
"Dichopogon fimbriatus",
"Dicksonia antarctica",
"Dicliptera suberecta",
"Dieffenbachia seguine",
"Dierama pulcherrimum",
"Dietes bicolor",
"Dietes bicolour",
"Dietes grandiflora",
"Dietes iridoides",
"Dietes robinsoniana",
"Digitalis parviflora",
"Digitalis purpurea",
"Digitaria brownii",
"Digitaria didactyla",
"Dillwynia hispida",
"Dimocarpus longan",
"Dionaea muscipula",
"Dioon edule",
"Dioon spinulosum",
"Dioscorea alata",
"Diospyros kaki",
"Diospyros lotus",
"Diospyros virginiana",
"Diospyros whyteana",
"Dipladenia sanderi",
"Diplarrhena moraea",
"Diploglottis australis",
"Diplolaena grandiflora",
"Diplopeltis huegelli",
"Diplotaxis tenuifolia",
"Dipsacus fullonum",
"Diselma archeri",
"Disphyma crassifolia",
"Disphyma crassifolium",
"Dockrillia linguiformis",
"Dodonaea baueri",
"Dodonaea bursariifolia",
"Dodonaea hexandra",
"Dodonaea humilis",
"Dodonaea lobulata",
"Dodonaea megazyga",
"Dodonaea microzyga",
"Dodonaea sinuolata",
"Dodonaea stenozyga",
"Dodonaea viscosa",
"Dombeya natalensis",
"Dombeya tiliacea",
"Doodia aspera",
"Doronicum orientale",
"Doronicum pardalianches",
"Dorotheanthus bellidiformis",
"Doryanthes palmeri",
"Doryanthus excelsa",
"Doryanthus palmeri",
"Doryphora sassafras",
"Dracaeana reflexa",
"Dracaena deremensis",
"Dracaena draco",
"Dracaena marginata",
"Dracaena reflexa",
"Dracophyllum secundum",
"Drosanthemum candens",
"Drosanthemum hispidum",
"Dryandra ferruginea",
"Dryandra formosa",
"Dryandra sessilis",
"Dryopteris affinis",
"Dryopteris erythrosora",
"Dryopteris filixmas",
"Duboisia hopwoodii",
"Duranta erecta",
"Duranta repens",
"Duvernoia adhatodoides",
"Dyckia brevifolia",
"Dyckia encholirioides",
"Dypsis lutescens",
"Echeveria affinis",
"Echeveria derenbergii",
"Echeveria elegans",
"Echeveria gibbiflora",
"Echeveria hybrida",
"Echeveria imbricata",
"Echeveria runyonii",
"Echeveria secunda",
"Echeveria subrigida",
"Echinacea purpurea",
"Echinocactus grusonii",
"Echinops hussoni",
"Echinops ritro",
"Echinops spinosissimus",
"Echinopsis chamaecerus",
"Echinopsis huascha",
"Echium fastuosum",
"Echium wildpretii",
"Edmondia pinifolia",
"Einadia nutans",
"Elaeagnus angustifolia",
"Elaeagnus pungens",
"Elaeocarpus eumundii",
"Eleocharis acuta",
"Eleocharis sphacelata",
"Elettaria cardamomum",
"Elythranthera brunonis",
"Encelia farinosa",
"Enchylaena tomentosa",
"Enneapogon nigricans",
"Ensete ventricosum",
"Entelea arborescens",
"Eomecon chionantha",
"Epacris impressa",
"Epacris longiflora",
"Epacris microphylla",
"Epacris reclinata",
"Epidendrum radicans",
"Epilobium canum",
"Epimedium grandiflorum",
"Epipremnum aureum",
"Eragrostis elongata",
"Eranthemum pulchellum",
"Eremaea beaufortioides",
"Eremophila abietina",
"Eremophila alternifolia",
"Eremophila arachnoides",
"Eremophila biserrata",
"Eremophila bowmanii",
"Eremophila calorhabdos",
"Eremophila crassifolia",
"Eremophila cuneifolia",
"Eremophila debilis",
"Eremophila decipiens",
"Eremophila decussata",
"Eremophila densifolia",
"Eremophila deserti",
"Eremophila divaricata",
"Eremophila drummondii",
"Eremophila eriocalyx",
"Eremophila fraseri",
"Eremophila freelingii",
"Eremophila gilesii",
"Eremophila glabra",
"Eremophila hillii",
"Eremophila hygrophana",
"Eremophila lachnocalyx",
"Eremophila longifolia",
"Eremophila lucida",
"Eremophila macdonnellii",
"Eremophila mackinlayi",
"Eremophila maculata",
"Eremophila neglecta",
"Eremophila nivea",
"Eremophila oppositifolia",
"Eremophila platycalyx",
"Eremophila polyclada",
"Eremophila pterocarpa",
"Eremophila racemosa",
"Eremophila scoparia",
"Eremophila serpens",
"Eremophila species",
"Eremophila stenophylla",
"Eremophila subfloccosa",
"Eremophila subteretifolia",
"Eremophila veneta",
"Eremophila veronica",
"Eremophila weldii",
"Eremophila youngii",
"Erica caffra",
"Erica canaliculata",
"Erica carnea",
"Erica cerinthoides",
"Erica cinerea",
"Erica darleyensis",
"Erica melanthera",
"Erica ventricosa",
"Erigeron glaucus",
"Erigeron karvinskianus",
"Eriobotrya japonica",
"Eriocephalus africanus",
"Eriogonum giganteum",
"Eriogonum umbellatum",
"Eriostemon australasius",
"Eriostemon myoporoides",
"Eriostomen australasius",
"Erodiophyllum elderi",
"Eruca sativa",
"Eruca vesicaria",
"Eryngium ovinum",
"Eryngium rostratum",
"Eryngium zabelii",
"Erysimum cheiri",
"Erysimum mutabile",
"Erythrina acanthocarpa",
"Erythrina bidwillii",
"Erythrina cristagalli",
"Erythrina fusca",
"Erythrina humeana",
"Erythrina indica",
"Erythrina speciosa",
"Erythrina sykesii",
"Erythrina variegata",
"Escallonia alpina",
"Escallonia edinensis",
"Escallonia laevis",
"Escallonia langleyensis",
"Escallonia lveyi",
"Escallonia macrantha",
"Escallonia rubra",
"Eschscholtzia californica",
"Etlingera elatior",
"Eucalyptus albopurpurea",
"Eucalyptus angulosa",
"Eucalyptus apiculata",
"Eucalyptus approximans",
"Eucalyptus arenacea",
"Eucalyptus aromophloia",
"Eucalyptus baueriana",
"Eucalyptus baxteri",
"Eucalyptus brachycalyx",
"Eucalyptus brockwayi",
"Eucalyptus calcareana",
"Eucalyptus caleyi",
"Eucalyptus calycogona",
"Eucalyptus campaspe",
"Eucalyptus cernua",
"Eucalyptus citriodora",
"Eucalyptus cneorifolia",
"Eucalyptus coolabah",
"Eucalyptus cornuta",
"Eucalyptus cosmophylla",
"Eucalyptus crebra",
"Eucalyptus crucis",
"Eucalyptus cyanophylla",
"Eucalyptus decipiens",
"Eucalyptus dielsii",
"Eucalyptus diptera",
"Eucalyptus dolichorhyncha",
"Eucalyptus dumosa",
"Eucalyptus dundasii",
"Eucalyptus eremophila",
"Eucalyptus erythronema",
"Eucalyptus fasciculosa",
"Eucalyptus fastigata",
"Eucalyptus fibrosa",
"Eucalyptus formanii",
"Eucalyptus gardneri",
"Eucalyptus gillii",
"Eucalyptus gracilis",
"Eucalyptus gregsoniana",
"Eucalyptus grossa",
"Eucalyptus gunnii",
"Eucalyptus haemastoma",
"Eucalyptus haemostoma",
"Eucalyptus incrassata",
"Eucalyptus intertexta",
"Eucalyptus kingsmillii",
"Eucalyptus kruseana",
"Eucalyptus laeliae",
"Eucalyptus landsdowneana",
"Eucalyptus lansdowneana",
"Eucalyptus lehmannii",
"Eucalyptus leptophylla",
"Eucalyptus lesouefii",
"Eucalyptus luehmanniana",
"Eucalyptus macrocarpa",
"Eucalyptus megacornuta",
"Eucalyptus melanoxylon",
"Eucalyptus miniata",
"Eucalyptus mollucana",
"Eucalyptus moorei",
"Eucalyptus newbeyi",
"Eucalyptus nutans",
"Eucalyptus obstans",
"Eucalyptus odorata",
"Eucalyptus orbifolia",
"Eucalyptus pachyphylla",
"Eucalyptus parramattensis",
"Eucalyptus petiolaris",
"Eucalyptus pilularis",
"Eucalyptus pimpiniana",
"Eucalyptus pleurocarpa",
"Eucalyptus polybractea",
"Eucalyptus porosa",
"Eucalyptus pulverulenta",
"Eucalyptus pyriformis",
"Eucalyptus redunca",
"Eucalyptus rhodantha",
"Eucalyptus risdonii",
"Eucalyptus rossii",
"Eucalyptus roycei",
"Eucalyptus rugosa",
"Eucalyptus salmonophloia",
"Eucalyptus salubris",
"Eucalyptus sieberi",
"Eucalyptus sieberis",
"Eucalyptus steedmanii",
"Eucalyptus stellulata",
"Eucalyptus stricklandii",
"Eucalyptus tetraptera",
"Eucalyptus todtiana",
"Eucalyptus utilis",
"Eucalyptus victrix",
"Eucalyptus viridis",
"Eucalyptus websteriana",
"Eucalyptus youngiana",
"Euclea pseudebunus",
"Eucomis comosa",
"Eucomis zambesiaca",
"Eucryphia glutinosa",
"Eugenia aggregata",
"Eugenia uniflora",
"Eumorphia prostrata",
"Euonymus alatus",
"Euonymus hamiltoniana",
"Euonymus japonicus",
"Eupatorium cannabinum",
"Eupatorium megalophyllum",
"Euphorbia ammak",
"Euphorbia amygdaloides",
"Euphorbia characias",
"Euphorbia cooperi",
"Euphorbia dulcis",
"Euphorbia griseola",
"Euphorbia hypericifolia",
"Euphorbia leucocephala",
"Euphorbia lomi",
"Euphorbia martini",
"Euphorbia martinii",
"Euphorbia mellifera",
"Euphorbia milii",
"Euphorbia myrsinites",
"Euphorbia palustris",
"Euphorbia pithyusa",
"Euphorbia pseudocactus",
"Euphorbia pulcherrima",
"Euphorbia rigida",
"Euphorbia schillingii",
"Euphorbia tirucalli",
"Euphorbia trigona",
"Euryops acraeus",
"Euryops chrysanthemoides",
"Euryops pectinatus",
"Euryops virgineus",
"Eustoma grandiflorum",
"Eutaxia cuneata",
"Eutaxia diffusa",
"Eutaxia microphylla",
"Eutaxia obovata",
"Evolvulus pilosus",
"Exacum affine",
"Exocarpos cupressiformis",
"Exocarpus cupressiformis",
"Exochorda racemosa",
"Fagus crenata",
"Fagus grandifolia",
"Fagus sylvatica",
"Faidherbia albida",
"Fargesia nitida",
"Fatsia japonica",
"Feijoa sellowiana",
"Felicia amelloides",
"Felicia bergeriana",
"Felicia echinata",
"Ferocactus glaucescens",
"Festuca arundinacea",
"Festuca californica",
"Festuca glauca",
"Ficinia nodosa",
"Ficus altissima",
"Ficus benghalensis",
"Ficus binnendijkii",
"Ficus brachypoda",
"Ficus carica",
"Ficus elastica",
"Ficus lutea",
"Ficus lyrata",
"Ficus obliqua",
"Ficus pseudosycomorus",
"Ficus pumila",
"Ficus racemosa",
"Ficus religiosa",
"Ficus salicifolia",
"Ficus virens",
"Filipendula purpurea",
"Filipendula vulgaris",
"Firmiana simplex",
"Fittonia albivenis",
"Flindersia xanthoxyla",
"Foeniculum vulgare",
"Forsythia intermedia",
"Forsythia viridissima",
"Fortunella margarita",
"Fragaria ananassa",
"Fragaria chiloensis",
"Frankenia pauciflora",
"Frankenia serpyllifolia",
"Fraxinus americana",
"Fraxinus angustifolia",
"Fraxinus griffithi",
"Fraxinus nigra",
"Fraxinus pennsylvanica",
"Fraxinus uhdei",
"Fraxinus urbanite",
"Fraxinus velutina",
"Freesia refracta",
"Fremontodendron californicum",
"Fremontodendron mexicanum",
"Fritillaria acmopetala",
"Fritillaria imperialis",
"Fritillaria meleagris",
"Fuchsia arborescens",
"Fuchsia fulgens",
"Fuchsia hybrida",
"Fuchsia magellanica",
"Gahnia filum",
"Gahnia sieberiana",
"Gaillardia grandiflora",
"Galanthus nivalis",
"Galega officinalis",
"Galium odoratum",
"Galtonia candicans",
"Gardenia augusta",
"Gardenia jasminoides",
"Gardenia scabrella",
"Gardenia thunbergia",
"Garrya elliptica",
"Gastrolobium celsianum",
"Gastrolobium praemorsum",
"Gastrolobium sericeum",
"Gaultheria procumbens",
"Gaura lindheimeri",
"Gazania rigens",
"Gazania spp",
"Gazania tomentosa",
"Gelsemium sempervirens",
"Genista aetnensis",
"Gentiana acaulis",
"Gentiana angustifolia",
"Gentiana scabra",
"Geranium himalayense",
"Geranium ibericum",
"Geranium malviflorum",
"Geranium nepalense",
"Geranium oxonianum",
"Geranium phaeum",
"Geranium pratense",
"Geranium psilostemon",
"Geranium retrorsum",
"Geranium sanguineum",
"Geranium subcaulscens",
"Gerbera jamesonii",
"Geum coccineum",
"Gladiolus carmineus",
"Gladiolus communis",
"Gladiolus hybrids",
"Gladiolus nanus",
"Gleichenia dicarpa",
"Glischrocaryon behrii",
"Gomphocarpus physocarpus",
"Gompholobium latifolium",
"Gomphrena flaccida",
"Gomphrena globosa",
"Gomphrena leontopodioides",
"Goodenia albiflora",
"Goodenia amplexans",
"Goodenia blackiana",
"Goodenia geniculata",
"Goodenia hederacea",
"Goodenia macmillanii",
"Goodenia mimuloides",
"Goodenia pinnatifida",
"Goodenia varia",
"Goodenia willisiana",
"Goodia lotifolia",
"Goodia medicaginea",
"Gordonia axillaris",
"Gossypium sturtianum",
"Graptophyllum excelsum",
"Grevillea acanthifolia",
"Grevillea agrifolia",
"Grevillea alpina",
"Grevillea aquifolium",
"Grevillea arenaria",
"Grevillea asplenifolia",
"Grevillea astericosa",
"Grevillea banksii",
"Grevillea beadleana",
"Grevillea bipinnatifida",
"Grevillea brachystachya",
"Grevillea buxifolia",
"Grevillea caleyi",
"Grevillea centristigma",
"Grevillea crithmifolia",
"Grevillea curviloba",
"Grevillea diminuta",
"Grevillea dimorpha",
"Grevillea endlicheriana",
"Grevillea fililoba",
"Grevillea flexuosa",
"Grevillea gaudichaudii",
"Grevillea hookeriana",
"Grevillea huegelii",
"Grevillea humifusa",
"Grevillea iaspicula",
"Grevillea insignis",
"Grevillea intricata",
"Grevillea jephcottii",
"Grevillea johnsonii",
"Grevillea lanigera",
"Grevillea laurfolia",
"Grevillea laurifolia",
"Grevillea lavandulacea",
"Grevillea lavandulaceae",
"Grevillea linearifolia",
"Grevillea longifolia",
"Grevillea longistyla",
"Grevillea macleayana",
"Grevillea mollis",
"Grevillea montana",
"Grevillea monticola",
"Grevillea nematophylla",
"Grevillea nudiflora",
"Grevillea obtusifolia",
"Grevillea oldei",
"Grevillea oleoides",
"Grevillea olivacea",
"Grevillea paradoxa",
"Grevillea petrophiloides",
"Grevillea pinaster",
"Grevillea pressii",
"Grevillea pterosperma",
"Grevillea rhyolitica",
"Grevillea saccata",
"Grevillea sericea",
"Grevillea shiressii",
"Grevillea speciosa",
"Grevillea striata",
"Grevillea synapheae",
"Grevillea tetragonoloba",
"Grevillea thelemaniana",
"Grevillea thelmaniana",
"Grevillea thelmanniana",
"Grevillea thelmannniana",
"Grevillea trifida",
"Grevillea venusta",
"Grevillea vestita",
"Grevillea victoriae",
"Grevillea wilkinsonii",
"Grevillea zygoloba",
"Grewia occidentalis",
"Griselina littoralis",
"Guichenotia ledifolia",
"Guichenotia macrantha",
"Gunnera manicata",
"Guzmania conifera",
"Gymnostoma australianum",
"Gypsophila paniculata",
"Habranthus robustus",
"Hakea amplexicaulis",
"Hakea bakeriana",
"Hakea bucculenta",
"Hakea carinata",
"Hakea clavata",
"Hakea cycloptera",
"Hakea dactyloides",
"Hakea decurrens",
"Hakea eriantha",
"Hakea francisiana",
"Hakea lorea",
"Hakea mitchellii",
"Hakea multilineata",
"Hakea myrtoides",
"Hakea nodosa",
"Hakea orthorrhyncha",
"Hakea petiolaris",
"Hakea prostrata",
"Hakea rostrata",
"Hakea rugosa",
"Hakea sericea",
"Hakea suaveolens",
"Hakea sulcata",
"Hakea teretifolia",
"Hakea undulata",
"Hakea victoria",
"Hakea vittata",
"Hakonechloa macra",
"Halgania cyanea",
"Haloxylon persicum",
"Hamamelis mollis",
"Hardenbergia comptoneana",
"Hardenbergia comptoniana",
"Hardenbergia violaceae",
"Harpephyllum caffrum",
"Hebe albicans",
"Hebe buxifolia",
"Hebe diosmifolia",
"Hebe hybrida",
"Hebe pimeleoides",
"Hebe speciosa",
"Hechtia marnierlapostollei",
"Hedera canariensis",
"Hedera helix",
"Hedycarya angustifolia",
"Hedychium coronarium",
"Hedychium gardnerianum",
"Hedychium greenei",
"Helenium autumnale",
"Helenium bigelovii",
"Helianthemum nummularium",
"Helianthus annus",
"Helianthus annuus",
"Helianthus multiflorus",
"Helichrysum italicum",
"Helichrysum petiolare",
"Helichrysum rutidolepis",
"Helichrysum scorpioides",
"Heliconia angusta",
"Heliconia rostrata",
"Heliopsis helianthoides",
"Heliotropium arborescens",
"Heliotropium crispum",
"Helleborus argutifolius",
"Helleborus foetidus",
"Helleborus hybridus",
"Helleborus orientalis",
"Helmholtzia glaberrima",
"Hemerocallis hybrids",
"Hemiandra pungens",
"Hemigraphis alternata",
"Hemionitis arifolia",
"Hermodactylus tuberosus",
"Hesperaloe parviflora",
"Hesperoyucca whipplei",
"Heterocentron elegans",
"Heuchera maxima",
"Heuchera sanguinea",
"Hibbertia cuneiformis",
"Hibbertia empetrifolia",
"Hibbertia exutiacies",
"Hibbertia grossulariifolia",
"Hibbertia pedunculata",
"Hibbertia racemosa",
"Hibbertia riparia",
"Hibbertia sericea",
"Hibbertia spicata",
"Hibbertia stricta",
"Hibbertia vestita",
"Hibbertia virgata",
"Hibiscus boryanus",
"Hibiscus geranioides",
"Hibiscus heterophyllus",
"Hibiscus mutabilis",
"Hibiscus pedunculatus",
"Hibiscus pendunculatus",
"Hibiscus rosasinensis",
"Hibiscus sabdariffa",
"Hibiscus syriacus",
"Himalayacalamus portacus",
"Hippeastrum vittatum",
"Histiopteris incisa",
"Hoheria lyallii",
"Hoheria populnea",
"Homoranthus darwinioides",
"Homoranthus flavescens",
"Homoranthus homoranthoides",
"Homoranthus prolixus",
"Homoranthus thomasii",
"Hosta lancifolia",
"Hosta plantaginea",
"Hosta sieboldiana",
"Houstonia caerulea",
"Houttuynia cordata",
"Hovea trisperma",
"Hovenia dulcis",
"Howittea trilocularis",
"Hoya carnosa",
"Hunnemannia fumariifolia",
"Hyacinthoides nonscripta",
"Hyacinthus orientalis",
"Hybanthus floribundus",
"Hydrangea arborescens",
"Hydrangea macrophylla",
"Hydrangea paniculata",
"Hydrangea petiolaris",
"Hydrangea quercifolia",
"Hylocereus undatus",
"Hymenocallis littoralis",
"Hymenocallis narcissiflora",
"Hypericum calycinum",
"Hypericum pseudohenryi",
"Hypocalymma angustifolium",
"Hypocalymma puniceum",
"Hypocalymma robustum",
"Hypocalymma strictum",
"Hypoestes aristata",
"Hypoestes phyllostachya",
"Iberis amara",
"Iberis sempervirens",
"Ilex aquifolium",
"Ilex cornuta",
"Ilex crenata",
"Ilex opaca",
"Illicium anisatum",
"Illicium floridanum",
"Impatiens balsamina",
"Impatiens walleriana",
"Incarvillea delavayi",
"Indigofera australis",
"Indigofera decora",
"Inula helenium",
"Ipheion uniflorum",
"Ipomoea alba",
"Ipomoea aquatica",
"Ipomoea batatas",
"Ipomoea cairica",
"Ipomoea horsfalliae",
"Ipomoea pescaprae",
"Iresine herbstii",
"Iris albicans",
"Iris germanica",
"Iris kaempferi",
"Iris louisiana",
"Iris pseudoacorus",
"Iris pseudocoris",
"Iris reticulata",
"Iris sibirica",
"Iris spuria",
"Iris unguicularis",
"Iris xiphium",
"Isolepis cernua",
"Isolepis inundata",
"Isomeris arborea",
"Isopogon anemonifolius",
"Isopogon anethifolius",
"Isopogon ceratophyllus",
"Isopogon dawsonii",
"Isopogon dubius",
"Isopogon formosus",
"Isopogon formsosus",
"Isotoma axillaris",
"Itea ilicifolia",
"Ixia viridiflora",
"Ixodia achilleoides",
"Ixora chinensis",
"Ixora coccinea",
"Jacksonia scoparia",
"Jacobaea maritima",
"Jacquemontia pentantha",
"Jasione laevis",
"Jasminum azoricum",
"Jasminum beesianum",
"Jasminum fruticans",
"Jasminum grandiflorum",
"Jasminum mesnyi",
"Jasminum nitidum",
"Jasminum nudiflorum",
"Jasminum officinale",
"Jasminum polyanthum",
"Jasminum sambac",
"Jatropha integerrima",
"Johnsonia lupulina",
"Juglans cinerea",
"Juglans nigra",
"Juglans regia",
"Juncus australis",
"Juncus continuus",
"Juncus krausii",
"Juncus kraussii",
"Juncus pallidus",
"Juncus pauciflorus",
"Juncus rigidus",
"Juncus sarophorus",
"Juncus subsecundus",
"Juncus usitatus",
"Juniperina horizontalis",
"Juniperus communis",
"Juniperus conferta",
"Juniperus horizontalis",
"Juniperus media",
"Juniperus phoenicea",
"Juniperus procumbens",
"Juniperus sabina",
"Juniperus scopulorum",
"Juniperus virginiana",
"Justicia adhatoda",
"Justicia brandegeana",
"Justicia carnea",
"Kalanchoe  tomentosa",
"Kalanchoe beharensis",
"Kalanchoe blossfeldiana",
"Kalanchoë blossfeldiana",
"Kalanchoë daigremontiana",
"Kalanchoe fedtschenkoi",
"Kalanchoe luciae",
"Kalanchoe thyrsiflora",
"Kalanchoe uniflora",
"Kalmia latifolia",
"Kalopanax setembolus",
"Kennedia coccinea",
"Kennedia glabrata",
"Kennedia nigricans",
"Kennedia prorepens",
"Kennedia rubicunda",
"Kennedia rubicundra",
"Kerria japonica",
"Kingia australis",
"Kniphofia uvaria",
"Koelreuteria bipinnata",
"Kohleria eriantha",
"Kohleria hirsuta",
"Kolkwitzia amabilis",
"Kunzea ambigua",
"Kunzea baxteri",
"Kunzea capitata",
"Kunzea ericoides",
"Kunzea pomifera",
"Laburnum anagyroides",
"Lachenalia aloides",
"Lactuca sativa",
"Lagunaria patersonia",
"Lagunaria patersonii",
"Lambertia formosa",
"Lambertia multiflora",
"Lamium galeobdolon",
"Lamium maculatum",
"Lampranthus aurantiacus",
"Lampranthus aureus",
"Lampranthus glaucus",
"Lampranthus spectabilis",
"Lantana camara",
"Lantana montevidensis",
"Larix decidua",
"Larix kaempferi",
"Lasiopetalum baueri",
"Lasiopetalum behrii",
"Lasiopetalum discolor",
"Lasiopetalum schulzenii",
"Lasiurus scindicus",
"Latania loddigesii",
"Lathyrus odoratus",
"Launaea nudicaulis",
"Laurentia axillaris",
"Lauris nobilis",
"Laurus nobilis",
"Lavandula allardii",
"Lavandula angustifolia",
"Lavandula dentata",
"Lavandula stoechas",
"Lavatera assurgentiflora",
"Lavatera maritima",
"Lavatera plebeia",
"Lavatera trimestris",
"Lawsonia inermis",
"Lechenaultia biloba",
"Lechenaultia formosa",
"Lechenaultia macrantha",
"Lemna minor",
"Leonotis leonurus",
"Leontopodium alpinum",
"Lepechinia hastata",
"Lepiderema pulchella",
"Lepidium sativum",
"Lepidosperma canescens",
"Lepidosperma carphoides",
"Lepidosperma effusum",
"Lepidosperma gladiatum",
"Lepidosperma laterale",
"Lepidozamia peroffskyana",
"Leptospermum brevipes",
"Leptospermum continentale",
"Leptospermum coriaceum",
"Leptospermum epacridoideum",
"Leptospermum flavescens",
"Leptospermum juniperinum",
"Leptospermum lanigerum",
"Leptospermum liversidgei",
"Leptospermum macrocarpum",
"Leptospermum morrisonii",
"Leptospermum myrsinoides",
"Leptospermum obovatum",
"Leptospermum polygalifolium",
"Leptospermum rotundifolium",
"Leptospermum scoparium",
"Leptospermum sericeum",
"Leptospermum spectabile",
"Leptospermum squarrosum",
"Leptospermum trinervium",
"Leschenaultia formosa",
"Leucadendron argenteum",
"Leucadendron eucalyptifolium",
"Leucadendron laureolum",
"Leucadendron linifolium",
"Leucadendron patersonii",
"Leucaena leucocephala",
"Leucanthemum superbum",
"Leucochrysum albicans",
"Leucojum aestivum",
"Leucojum vernum",
"Leucophyllum frutescens",
"Leucophyllum zygophyllum",
"Leucophyta brownii",
"Leucopogon parviflorus",
"Leucospermum cordifolium",
"Leucospermum cuneiforme",
"Leucospermum oleifolium",
"Leucospermum patersonii",
"Leucospermum reflexum",
"Leucothoe fontanesiana",
"Lewisia cotyledon",
"Liatris spicata",
"Libertia grandiflora",
"Libertia paniculata",
"Libocedrus plumosa",
"Ligularia dentata",
"Ligularia tussilaginea",
"Ligustrum amurense",
"Ligustrum delavayanum",
"Ligustrum japonicum",
"Ligustrum undulatum",
"Ligustrum vulgare",
"Lilium aurantum",
"Lilium auratum",
"Lilium candidum",
"Lilium formosanum",
"Lilium lancifolium",
"Lilium longiflorum",
"Lilium regale",
"Limnanthes douglasii",
"Limonium perezii",
"Limonium sinuatum",
"Linaria maroccana",
"Linospadix monostachus",
"Linospadix monostachya",
"Linum marginale",
"Linum perenne",
"Liriodendron chinense",
"Liriope gigantea",
"Liriope spicata",
"Lithodora diffusa",
"Lithops divergens",
"Livistona chinensis",
"Livistona decipiens",
"Livistonia australis",
"Lobelia aberdarica",
"Lobelia cardinalis",
"Lobelia erinus",
"Lobelia tupa",
"Lobularia maritima",
"Lobularia maritimia",
"Logania ovata",
"Lolium perenne",
"Lomandra confertifolia",
"Lomandra densiflora",
"Lomandra effusa",
"Lomandra filiformis",
"Lomandra fluvialtilis",
"Lomandra fluviatilis",
"Lomandra glauca",
"Lomandra hystrix",
"Lomandra longifolia.",
"Lomandra multiflora",
"Lomatia silaifolia",
"Lonicera caprifolium",
"Lonicera hildebrandiana",
"Lonicera japonica",
"Lonicera nitida",
"Lonicera pileata",
"Lonicera sempervirens",
"Lonicera standishii",
"Lonicera tellmanniana",
"Lophomyrtus bullata",
"Lophostemon conferta",
"Loropetalum chinense",
"Loropetalum chinensis",
"Lotus australis",
"Luculia grandifolia",
"Luculia gratissima",
"Luculia intermedia",
"Luma apiculata",
"Lunaria annua",
"Lychnis chalcedonica",
"Lychnis viscaria",
"Lycium shawii",
"Lycopersicon esculentum",
"Lycoris aurea",
"Lygodium japonicum",
"Lysimachia clethroides",
"Lysimachia nummularia",
"Lysimachia procumbens",
"Lysimachia punctata",
"Lythrum salicaria",
"Macadamia integrifolia",
"Macfadyena unguiscati",
"Mackaya bella",
"Maclura pomifera",
"Macropidia fuliginosa",
"Macrozamia communis",
"Macrozamia moorei",
"Maerua crassifolia",
"Magnolia acuminata",
"Magnolia campbellii",
"Magnolia denudata",
"Magnolia grandiflora",
"Magnolia kobus",
"Magnolia liliiflora",
"Magnolia sieboldii",
"Magnolia soulangeana",
"Magnolia soulangiana",
"Magnolia stellata",
"Magnolia virginiana",
"Magnolia wilsonii",
"Mahonia aquifolium",
"Mahonia japonica",
"Mahonia lomariifolia",
"Maireana brevifolia",
"Maireana erioclada",
"Maireana georgei",
"Maireana oppositifolia",
"Maireana pyramidata",
"Maireana sedifolia",
"Malcolmia maritima",
"Malus angustifolia",
"Malus domestica",
"Malus floribunda",
"Malus purpurea",
"Malus sargentii",
"Malus spectabilis",
"Malus sylvestris",
"Malva moschata",
"Malva preissiana",
"Malvaviscus arboreus",
"Mammillaria bombycina",
"Mammillaria zeilmanniana",
"Mammilleria elongata",
"Mandevilla laxa",
"Mandevilla sanderi",
"Mandevilla splendens",
"Manettia luteorubra",
"Mangifera indica",
"Marsilea drummondii",
"Matthiola incana",
"Mazus pumilio",
"Mazus reptans",
"Mecanopsis grandis",
"Meconopsis cambrica",
"Medicago sativa",
"Megaskepasma erthrochalamys",
"Melaleuca alternifolia",
"Melaleuca brevifolia",
"Melaleuca coccinea",
"Melaleuca conothamnoides",
"Melaleuca decussata",
"Melaleuca diosmifolia",
"Melaleuca elliptica",
"Melaleuca filifolia",
"Melaleuca fulgens",
"Melaleuca gibbosa",
"Melaleuca glomerata",
"Melaleuca halmaturorum",
"Melaleuca hamulosa",
"Melaleuca huegelii",
"Melaleuca hypericifolia",
"Melaleuca incana",
"Melaleuca laterita",
"Melaleuca lateritia",
"Melaleuca linarifolia",
"Melaleuca megacephala",
"Melaleuca micromera",
"Melaleuca microphylla",
"Melaleuca nematophylla",
"Melaleuca nesophylla",
"Melaleuca nodosa",
"Melaleuca pauperiflora",
"Melaleuca pentagona",
"Melaleuca preissiana",
"Melaleuca psammophila",
"Melaleuca pulchella",
"Melaleuca quadrifaria",
"Melaleuca quinquenervia",
"Melaleuca quinquinervia",
"Melaleuca radula",
"Melaleuca ryeae",
"Melaleuca sapientes",
"Melaleuca scabra",
"Melaleuca spathulata",
"Melaleuca squamea",
"Melaleuca steedmanii",
"Melaleuca strobophylla",
"Melaleuca subfalcata",
"Melaleuca systena",
"Melaleuca trichophylla",
"Melaleuca uncinata",
"Melaleuca urceolaris",
"Melaleuca wilsonii",
"Melissa officinalis",
"Mentha australis",
"Mentha cordifolia",
"Mentha piperita",
"Mentha pulegium",
"Mentha requienii",
"Mentha satureioides",
"Mentha spicata",
"Mentha spp",
"Mentha suaveolens",
"Mesembryanthemum criniflorum",
"Mespilus germanica",
"Metasequoia glyptostroboides",
"Metrosideros collina",
"Metrosideros kermadecensis",
"Metrosideros thomasii",
"Michelia coco",
"Michelia doltsopa",
"Michelia figo",
"Michelia yunnanensis",
"Microlepia strigosa",
"Micromyrtus ciliata",
"Microseris lanceolata",
"Millettia megasperma",
"Millettia pinnata",
"Mimetes cucullatus",
"Mimulus aurantiacus",
"Mimulus auranticus",
"Mimulus hybridus",
"Minuria leptophylla",
"Mirabilis jalapa",
"Mirbelia oxyloboides",
"Miscanthus sinensis",
"Moluccella laevis",
"Monarda didyma",
"Monstera deliciosa",
"Moricandia sinaica",
"Moringa oleifera",
"Morus alba",
"Morus nigra",
"Mucuna bennettii",
"Muehlenbeckia adpressa",
"Muehlenbeckia complexa",
"Muehlenbeckia florulenta",
"Muhlenbergia dubia",
"Muhlenbergia rigens",
"Murraya koenigii",
"Musa acuminata",
"Musa paradisiaca",
"Musa sapientum",
"Muscari armeniacum",
"Muscari azureum",
"Myoporum acuminatum",
"Myoporum brevipes",
"Myoporum cordifolium",
"Myoporum laetum",
"Myoporum platycarpum",
"Myoporum viscosum",
"Myosotis sylvatica",
"Myriophyllum aquaticum",
"Myriophyllum papillosum",
"Myrsine africana",
"Myrtus communis",
"Nandina domestica",
"Narcissus jonquila",
"Narcissus spp",
"Narcissus tazetta",
"Nelumbo nucifera",
"Nematanthus gregarius",
"Nematanthus strigillosus",
"Nematolepis phebalioides",
"Nematolepis squameum",
"Nemesia foetens",
"Nemesia fruticans",
"Nemesia strumosa",
"Nemophila menziesii",
"Neodypsis decaryi",
"Neomarica caerulea",
"Neoregelia concentrica",
"Nepenthe spp",
"Nepenthes mirabilis",
"Nepeta cataria",
"Nepeta faassenii",
"Nepeta nervosa",
"Nepeta racemosa",
"Nephrolepis cordifolia",
"Nephrolepis exaltata",
"Nerine bowdenii",
"Nicotiana alata",
"Nidularium fraudulentum",
"Nigella damascena",
"Nitraria billardierei",
"Nolina recurvata",
"Nopalxochia ackermannii",
"Nopalxochia phyllanthoides",
"Nothofagus cunninghamii",
"Nothofagus fusca",
"Nuxia floribunda",
"Nuytsia floribunda",
"Nymphaea caerulea",
"Nymphaea capensis",
"Nymphaea daubenyana",
"Nymphaea hardy",
"Nymphaea tropical",
"Nymphaea violacea",
"Nyssa sylvatica",
"Ochradenus baccatus",
"Ocimum basilicum",
"Odontospermum maritimum",
"Oenothera biennis",
"Oenothera speciosa",
"Olea europaea",
"Olea europea",
"Olearia argophylla",
"Olearia elliptica",
"Olearia floribunda",
"Olearia iodochroa",
"Olearia lanuginosa",
"Olearia phlogopappa",
"Olearia ramulosa",
"Olearia teretifolia",
"Olearia tomentosa",
"Omalanthus populifolius",
"Ophiopogon intermedians",
"Ophiopogon jaburan",
"Ophiopogon planiscapus",
"Opuntia ficusindica",
"Opuntia phaeacantha",
"Opuntia vulgaris",
"Origanum hyrbid",
"Origanum majorana",
"Origanum marjorana",
"Origanum vulgare",
"Ornithogalum umbellatum",
"Orthosanthus multiflorus",
"Orthrosanthus multiflorus",
"Osmanthus burkwoodii",
"Osmanthus delavayi",
"Osmanthus fortunei",
"Osmanthus fragrans",
"Osmanthus heterophyllus",
"Osmunda regalis",
"Osteospermum ecklonis",
"Osteospermum fruticosum",
"Ostrya virginiana",
"Otacanthus caeruleus",
"Owenia acidula",
"Oxalis acetosella",
"Oxydendrum arboreum",
"Ozothamnus diosmifolius",
"Ozothamnus diosmofolius",
"Ozothamnus diotophyllus",
"Ozothamnus rosmarinifolius",
"Ozothamnus turbinatus",
"Pachysandra terminalis",
"Pachystachys lutea",
"Pachystegia insignis",
"Paeonia lactiflora",
"Paeonia lutea",
"Paeonia officinalis",
"Paeonia peregrina",
"Paeonia suffruticosa",
"Pandanas pedunculatus",
"Pandanus sanderi",
"Pandorea doratoxylon",
"Pandorea pandorana",
"Papaver bracteatum",
"Papaver nudicaule",
"Papaver orientale",
"Papaver rhoeas",
"Parkinsonia aculeata",
"Parodia leninghausii",
"Parodia magnifica",
"Parodia mammulosa",
"Parrotia persica",
"Parthenocissus henryana",
"Parthenocissus quinquefolia",
"Parthenocissus tricuspidata",
"Paspalum vaginatum",
"Passiflora caerulea",
"Passiflora coccinea",
"Passiflora edulis",
"Passiflora mollissima",
"Passiflora quadrangularis",
"Pastinaca sativa",
"Patersonia glabrata",
"Patersonia occidentalis",
"Patersonia sericea",
"Paulownia kawakamii",
"Paulownia tomentosa",
"Paulownia tormentosa",
"Pavonia hastata",
"Pelargonium acetosum",
"Pelargonium australe",
"Pelargonium crispum",
"Pelargonium domesticum",
"Pelargonium grandiflorum",
"Pelargonium graveolens",
"Pelargonium hortorum",
"Pelargonium ignescens",
"Pelargonium peltatum",
"Pelargonium rodneyanum",
"Pelargonium splendide",
"Pellaea falcata",
"Pellaea rotundifolia",
"Pennisetum alopecuroides",
"Pennisetum clandestinum",
"Pennisetum setaceum",
"Penstemon barbatus",
"Penstemon heterophyllus",
"Pentas lanceolata",
"Peperomia caperata",
"Peperomia clusifolia",
"Peperomia obtusifolia",
"Peperomia scandens",
"Perovskia atriplicifolia",
"Persea americana",
"Persicaria affinis",
"Persicaria alpina",
"Persicaria amplexicaulis",
"Persicaria odorata",
"Persicaria polymorpha",
"Persicaria virginiana",
"Persoonia chamaepitys",
"Persoonia levis",
"Persoonia linearis",
"Persoonia pinifolia",
"Petalostylis labicheoides",
"Petrophile biloba",
"Petrophile divaricata",
"Petrophile drummondii",
"Petrophile pulchella",
"Petrophile squamata",
"Petroselinum crispum",
"Petroselinum hortense",
"Petunia atkinsiana",
"Petunia hybrida",
"Phacelia campanularia",
"Phalaenopsis amabilis",
"Phalaris arundinaceae",
"Phaseolus caracalla",
"Phaseolus coccineus",
"Phaseolus vulgaris",
"Phebalium squamulosum",
"Phebalium stenophyllum",
"Philadelphus coronarius",
"Philadelphus mexicanus",
"Philadelphus virginalis",
"Philodendron bipinnatifidum",
"Philodendron cordatum",
"Philodendron selloum",
"Philodendron species",
"Philotheca angustifolia",
"Philotheca buxifolia",
"Philotheca myoporoides",
"Philotheca verrucosa",
"Phlebodium aureum",
"Phlomis chrysophylla",
"Phlomis fruticosa",
"Phlomis italica",
"Phlomis purpurea",
"Phlomis russeliana",
"Phlox drummondii",
"Phlox paniculata",
"Phlox stolonifera",
"Phlox subulata",
"Phoenix dactylifera",
"Phoenix reclinata",
"Phoenix roebelenii",
"Phoenix roebelinii",
"Phoenix roebellinii",
"Phoenix theophrastii",
"Phormium cookianum",
"Phormium tenax",
"Phormium tenaxs",
"Photinia beauverdiana",
"Photinia serrulata",
"Phragmites australis",
"Phyla nodiflora",
"Phyllostachys nigra",
"Physalis alkekengi",
"Physalis peruviana",
"Physostegia virginiana",
"Picea abies",
"Picea glauca",
"Picea pungens",
"Pieris japonica",
"Pimelea ciliata",
"Pimelea ferruginea",
"Pimelea glauca",
"Pimelea hispida",
"Pimelea humilis",
"Pimelea microcephala",
"Pimelea phylicoides",
"Pimelea rosea",
"Pimelea sylvestris",
"Pimelia linifolia",
"Pimpinella anisum",
"Pinus canariensis",
"Pinus densiflora",
"Pinus halepensis",
"Pinus mugo",
"Pinus parviflora",
"Pinus pinaster",
"Pinus pinea",
"Pinus radiata",
"Pinus thunbergii",
"Piper novaehollandiae",
"Piper sarmentosum",
"Pisonia brunoniana",
"Pisonia umbellifera",
"Pistia stratiotes",
"Pisum sativum",
"Pithecellobium dulce",
"Pittosporum crassifolium",
"Pittosporum eugenioides",
"Pittosporum phylliraeoides",
"Pittosporum rhombifolium",
"Pittosporum tenuifolium",
"Pityrodia terminalis",
"Platycerium bifurcatum",
"Platycerium superbum",
"Platycladus orientalis",
"Platycodon grandiflorum",
"Platycodon grandiflorus",
"Platylobium obtusangulum",
"Platysace deflexa",
"Platysace lanceolata",
"Plectranthus ecklonii",
"Plectranthus neochilus",
"Plectranthus nitidus",
"Plectranthus parviflorus",
"Plectranthus plepalila",
"Pleiospilos bolusii",
"Plerandra elegantissima",
"Plumbago auriculata",
"Plumbago zeylanica",
"Plumeria acutifolia",
"Plumeria obtusa",
"Plumeria rubra",
"Poa labillardieri",
"Poa morrisii",
"Poa poiformis",
"Poa pratensis",
"Poa sieberiana",
"Podalyria sericea",
"Podocarpus lawrencei",
"Podolepis jaceoides",
"Podranea ricasoliana",
"Polianthes tuberosa",
"Polycalymma stuartii",
"Polygala grandiflora",
"Polygala myrtlfolia",
"Polygonatum multiflorum",
"Polygonatum odoratum",
"Polygonum capitatum",
"Polyscias sambucifolia",
"Polystichum proliferum",
"Polystichum retrosopalaeceum",
"Pomaderris obcordata",
"Pomaderris paniculosa",
"Pontederia cordata",
"Populus alba",
"Populus deltoides",
"Populus nigra",
"Portulaca grandiflora",
"Portulaca umbraticola",
"Portulacaria afra",
"Portulacaria oleracea",
"Potentilla neumanniana",
"Pratia pedunculata",
"Pratia puberula",
"Primula auricula",
"Primula candelabra",
"Primula malacoides",
"Primula obconica",
"Primula vialii",
"Primula vulgaris",
"Prosopis alba",
"Prosopis chilensis",
"Prosopis farcta",
"Prosopis juliflora",
"Prostanthera aspalathoides",
"Prostanthera behriana",
"Prostanthera cuneata",
"Prostanthera incana",
"Prostanthera incisa",
"Prostanthera lasianthos",
"Prostanthera magnifica",
"Prostanthera monticola",
"Prostanthera ovalifolia",
"Prostanthera rotundifolia",
"Prostanthera striatiflora",
"Protea aristata",
"Protea cynaroides",
"Protea eximia",
"Protea neriifolia",
"Protea obtusifolia",
"Protea repens",
"Prumnopitys ladei",
"Prunella incisa",
"Prunus armeniaca",
"Prunus avium",
"Prunus bilreana",
"Prunus campanulata",
"Prunus cerasifera",
"Prunus cerasus",
"Prunus domestica",
"Prunus dulcis",
"Prunus incisa",
"Prunus japonica",
"Prunus laurocerasus",
"Prunus lusitanica",
"Prunus mume",
"Prunus persica",
"Prunus salicina",
"Prunus triloba",
"Pseuderanthemum atropurpureum",
"Pseudomussaenda flava",
"Pseudopanax lessonii",
"Pseudotsuga menziesii",
"Psidium cattleianum",
"Psidium guajava",
"Psidium littorale",
"Psoralea pinnata",
"Pteris cretica",
"Pteris tremula",
"Ptilotus exaltatus",
"Ptilotus nobilis",
"Ptilotus obovatus",
"Pulicaria crispa",
"Pulmonaria angustifolia",
"Pulmonaria saccharata",
"Pulsatilla vulgaris",
"Pultanaea pedunculata",
"Pultenaea acerosa",
"Pultenaea daphnoides",
"Pultenaea largiflorens",
"Pultenaea pedunculata",
"Pultenaea villosa",
"Punica granatum",
"Puya berteroniana",
"Pycnosorus globosus",
"Pyracantha angustifolia",
"Pyrostegia venusta",
"Pyrus communis",
"Pyrus fauriei",
"Pyrus nivalis",
"Pyrus pyrifolia",
"Pyrus pyrofolia",
"Pyrus salicifolia",
"Quercus agrifolia",
"Quercus cerris",
"Quercus coccinea",
"Quercus douglasii",
"Quercus ilex",
"Quercus lobata",
"Quercus suber",
"Quisqualis indica",
"Radermachera gigantea",
"Radermachera sinica",
"Randia chartacea",
"Ranunculus acris",
"Ranunculus asiaticus",
"Raphanus sativus",
"Raphiolepis delacourii",
"Raphiolepis indica",
"Raphiolepis umbellata",
"Ravenala madagascariensis",
"Ravenea rivularis",
"Regelia ciliata",
"Regelia megacephala",
"Regelia velutina",
"Rehmannia elata",
"Reinwardtia indica",
"Reseda muricata",
"Rhagodia crassifolia",
"Rhagodia parabolica",
"Rhagodia preissii",
"Rhagodia spinescens",
"Rhanterium epapposum",
"Rhaphiolepis delacourii",
"Rhaphiolepis umbellata",
"Rhapis excelsa",
"Rhazya stricta",
"Rheum cultorum",
"Rheum hybridum",
"Rheum rhabarbarum",
"Rhipsalidopsis gaertneri",
"Rhipsalis cereuscula",
"Rhodanthe anthemoides",
"Rhodanthe chlorocephala",
"Rhodanthe manglesii",
"Rhododendron augustinii",
"Rhododendron burmanicum",
"Rhododendron carneum",
"Rhododendron catawbiense",
"Rhododendron ciliicalyx",
"Rhododendron dendricola",
"Rhododendron indicum",
"Rhododendron lochiae",
"Rhododendron luteum",
"Rhododendron obtusum",
"Rhododendron russatum",
"Rhododendron sinogrande",
"Rhododendron vernicosum",
"Rhododendron yakushimanum",
"Rhodohypoxis baurii",
"Rhodophiala bifida",
"Rhodosphaera rhodanthema",
"Rhoeo spathacea",
"Rhus succedanea",
"Ribes aureum",
"Ribes malvaceum",
"Ribes nigrum",
"Ribes uvacrispa",
"Ribes viburnifolium",
"Ricinocarpos cyanescens",
"Ricinocarpos pinifolius",
"Ricinocarpus pinifolius",
"Ricinocarpus tuberculatus",
"Ricinus communis",
"Robinia kelseyi",
"Rodgersia pinnata",
"Romneya coulteri",
"Rondeletia amoena",
"Rosa canina",
"Rosa chinensis",
"Rosa filipes",
"Rosa glauca",
"Rosa laevigata",
"Rosa roxburghii",
"Rosa rugosa",
"Rosa wichuraiana",
"Rosmarinus officinalis",
"Rostellularia adscendens",
"Rothmannia globosa",
"Rubus fruticosus",
"Rudbeckia fulgida",
"Rudbeckia hirta",
"Ruellia chartaceae",
"Ruellia peninsularis",
"Ruellia tuberosa",
"Rulingia hermanniifolia",
"Rumex vesicarius",
"Rumohra adiantiformis",
"Ruscus hypoglossum",
"Russelia equisetiformis",
"Ruta graveolens",
"Sabal domingensis",
"Sabal palmetto",
"Saintpaulia ionantha",
"Salacca magnifica",
"Salpiglossis sinuata",
"Salvadora persica",
"Salvia africanalutea",
"Salvia apiana",
"Salvia argentea",
"Salvia buchananii",
"Salvia cacaliifolia",
"Salvia chamelaeagnea",
"Salvia chiapensis",
"Salvia dolomitica",
"Salvia elegans",
"Salvia farinacea",
"Salvia fruticosa",
"Salvia greggii",
"Salvia hispanica",
"Salvia involucrata",
"Salvia leucantha",
"Salvia leucophylla",
"Salvia lyrata",
"Salvia madrensis",
"Salvia mellifera",
"Salvia mexicana",
"Salvia microphylla",
"Salvia muirii",
"Salvia munzii",
"Salvia nemorosa",
"Salvia officinalis",
"Salvia spathacea",
"Salvia splendens",
"Salvia uglinosa",
"Salvia uliginosa",
"Salvinia auriculata",
"Sambucus nigra",
"Sanguisorba officinalis",
"Sannantha bidwillii",
"Sannantha tozerensis",
"Sanseveiria cylindrica",
"Sansevieria cylindrica",
"Sansevieria trifasciata",
"Santalum acuminatum",
"Santalum lanceolatum",
"Santalum spicatum",
"Santolina chamaecyparissus",
"Santolina rosmarinifolia",
"Sanvitalia procumbens",
"Saponaria ocymoides",
"Saponaria officinalis",
"Sarcandra glabra",
"Sarcococca confusa",
"Sarcococca ruscifolia",
"Sarcocornia quinqueflora",
"Sarcozona praecox",
"Saritaea magnifica",
"Sarracenia flava",
"Sarracenia leucophylla",
"Saxifraga caespitosa",
"Saxifraga sancta",
"Saxifraga stolonifera",
"Saxifraga umbrosa",
"Scabiosa caucasia",
"Scabiosa columbaria",
"Scaevola aemula",
"Scaevola albida",
"Scaevola calendulacea",
"Scaevola collaris",
"Scaevola crassifolia",
"Scaevola humilis",
"Scaevola humilus",
"Scaevola nitida",
"Scaevola ramosissima",
"Scaevola striata",
"Schefflera actinophylla",
"Schefflera arboricola",
"Schefflera elegantissima",
"Schinus molle",
"Schinus terebinthifolius",
"Schlumbergera spp",
"Schoenoplectus litoralis",
"Schoenoplectus pungens",
"Schoenoplectus validus",
"Scholtzia capitata",
"Scholtzia involucrata",
"Scholtzia oligandra",
"Schotia brachypetala",
"Sciadopitys verticillata",
"Scilla peruviana",
"Scleranthus biflorus",
"Scleranthus uniflorus",
"Searsia pendulina",
"Sechium edule",
"Sedum acre",
"Sedum crassulaceae",
"Sedum kamtschaticum",
"Sedum mexicanum",
"Sedum morganianum",
"Sedum palmeri",
"Sedum rubrotinctum",
"Sedum spathulifolium",
"Sedum spectabile",
"Sedum spp",
"Sedum spurium",
"Sedum tetractinum",
"Sempervivum arachnoideum",
"Sempervivum montanum",
"Senecio anethifolius",
"Senecio cineraria",
"Senecio cruentus",
"Senecio gawlerensis",
"Senecio gregorii",
"Senecio hybridus",
"Senecio hypoleucus",
"Senecio macroglossus",
"Senecio magnificus",
"Senecio mandraliscae",
"Senecio megaglossus",
"Senecio odoratus",
"Senecio radicans",
"Senecio rowleyanus",
"Senecio serpens",
"Senna alata",
"Senna corymbosa",
"Senna occidentalis",
"Serissa foetida",
"Serruria florida",
"Sesbania sesban",
"Sesleria caerulea",
"Sesuvium portulacastrum",
"Sida fallax",
"Silene acaulis",
"Silene pendula",
"Sinningia speciosa",
"Sisyrinchium striatum",
"Smilax australis",
"Solandra maxima",
"Solanum centrale",
"Solanum crispum",
"Solanum jasminoides",
"Solanum lycopersicum",
"Solanum melongena",
"Solanum quadriloculatum",
"Solanum rantonnetii",
"Solanum seaforthianum",
"Solanum tuberosum",
"Soleirolia soleirolii",
"Solenostemon scutellariodes",
"Solenostemon scutellarioides",
"Sollya heterophylla",
"Sophora japonica",
"Sorbus aucuparia",
"Sparaxis tricolor",
"Sparmannia africana",
"Spartium junceum",
"Spathiphyllum wallsii",
"Spathodea campanulata",
"Spinacia oleracea",
"Spinifex sericeus",
"Spiraea cantonensis",
"Spiraea cantoniensis",
"Spiraea nipponica",
"Spiraea thunbergii",
"Sprekelia formosissima",
"Spyridium cinereum",
"Stachys lanata",
"Stachys macrantha",
"Stachyurus praecox",
"Stemodia florulenta",
"Stephanotis floribunda",
"Sternbergia lutea",
"Stevia rebaudiana",
"Stewartia sinensis",
"Sticherus flabellatus",
"Stipa gigantea",
"Stipagrostis plumosa",
"Stokesia laevis",
"Strelitzia juncea",
"Strelitzia nicolai",
"Strelitzia reginea",
"Streptocarpus hybridus",
"Streptoglossa liatroides",
"Streptosolen jamesonii",
"Strobilanthes anisophyllus",
"Strobilanthes dyeriana",
"Strobilanthes gossypinus",
"Stylidium graminifolium",
"Stylidium gramminifolium",
"Stypandra glauca",
"Styphelia triflora",
"Styphelia tubiflora",
"Styphnolobium japonicum",
"Styrax japonica",
"Sutera cordata",
"Swainsona formosa",
"Swainsona galegifolia",
"Swainsona sejuncta",
"Syagrus romanzoffiana",
"Syncarpia glomulifera",
"Syngonium podophyllum",
"Syringa laciniata",
"Syringa vulgaris",
"Syzygium anisatum",
"Syzygium francisii",
"Syzygium jambos",
"Syzygium leumannii",
"Syzygium oleosum",
"Tabebuia chrysantha",
"Tabebuia palmeri",
"Tabebuia rosea",
"Tabernaemontana cerifera",
"Tabernaemontana pandacaqui",
"Tagetes erecta",
"Tagetes lemmonii",
"Tagetes patula",
"Tamarindus indica",
"Tamarix aphylla",
"Tamarix gallica",
"Tamarix nilotica",
"Tamarix parviflora",
"Tamarix ramosissima",
"Tanacetum coccineum",
"Tanacetum niveum",
"Tanacetum parthenium",
"Tasmannia purpurascens",
"Taxandria juniperina",
"Taxandria parviceps",
"Taxodium distichum",
"Taxus baccata",
"Tecoma stans",
"Tecomanthe hillii",
"Tecomaria capensis",
"Telopea  speciosissima",
"Telopea mongaensis",
"Telopea oreades",
"Telopea speciosissima",
"Telopea truncata",
"Templetonia aculeata",
"Templetonia retusa",
"Terminalia arjuna",
"Terminalia catappa",
"Terminalia cattapa",
"Tetragonia tetragonoides",
"Tetratheca pilosa",
"Tetratheca thymifolia",
"Teucrium fruticans",
"Teucrium marum",
"Teucrium oliverianum",
"Teucrium racemosum",
"Thalia dealbata",
"Thalictrum aquilegiifolium",
"Thalictrum delavayi",
"Thelionema caespitosum",
"Thelionema grande",
"Themeda australis",
"Themeda triandra",
"Thespesia populnea",
"Thevetia peruviana",
"Thomasia petalocalyx",
"Thomasia purpurea",
"Thomasia pygmaea",
"Thomasia solanacea",
"Threlkeldia diffusa",
"Thryptomene baeckeacea",
"Thryptomene calycina",
"Thryptomene ericaea",
"Thryptomene saxicola",
"Thuja occidentalis",
"Thuja orientalis",
"Thunbergia alata",
"Thunbergia grandiflora",
"Thymus citriodorus",
"Thymus serpyllum",
"Thymus spp",
"Thymus vulgaris",
"Thyrptomene saxicola",
"Thysanolaena maxima",
"Thysanotus multiflorus",
"Tiarella cordifolia",
"Tiarella wherryi",
"Tibouchina granulosa",
"Tibouchina urvilleana",
"Tieghemopanax sambucifolius",
"Tilia cordata",
"Tilia europaea",
"Tilia platyphyllos",
"Tillandsia cyanea",
"Tillandsia spp",
"Tillandsia usneoides",
"Todea barbara",
"Toona ciliata",
"Toona sinensis",
"Torenia fournieri",
"Trachelium caeruleum",
"Trachycarpus fortunei",
"Trachycarpus fortuneii",
"Tradescantia pallida",
"Tradescantia spathacea",
"Tradescantia zebrina",
"Tricyrtis hirta",
"Trifolium repens",
"Triglochin procera",
"Triodia scariosa",
"Tristania conferta",
"Tristania neriifolia",
"Tristaniopsis laurina",
"Tritonia crocata",
"Trollius chinensis",
"Tropaeolum majus",
"Tulipa greigii",
"Tulipa kaufmanniana",
"Tulipa linifolia",
"Tussilago farfara",
"Tweedia caerulea",
"Typha orientalis",
"Tysanolaena maxima",
"Ugni molinae",
"Ulmus parvifolia",
"Ulmus pavifolia",
"Urtica dioica",
"Vaccinium corymbosum",
"Vanda sanderiana",
"Vanilla planifolia",
"Veltheimia bracteata",
"Verbascum bombyciferum",
"Verbascum olympicum",
"Verbena hybrida",
"Verbena peruviana",
"Verbena tapien",
"Verbena tenuisecta",
"Veronica arenaria",
"Veronica austriaca",
"Veronica decorosa",
"Veronica formosa",
"Veronica spicata",
"Verticordia grandis",
"Viburnum burkwoodi",
"Viburnum burkwoodii",
"Viburnum davidii",
"Viburnum japonicum",
"Viburnum odoratissimum",
"Viburnum opulus",
"Viburnum plicatum",
"Viburnum rhytidophyllum",
"Viburnum tinus",
"Vicia faba",
"Victoria amazonica",
"Victoria cruziana",
"Viguiera parishii",
"Viminaria juncea",
"Vinca major",
"Vinca minor",
"Viola banksii",
"Viola hederacea",
"Viola hederaceae",
"Viola odorata",
"Viola wittrockiana",
"Virgilia capensis",
"Virgilia oroboides",
"Vitex agnuscastus",
"Vitex trifolia",
"Vitis vinifera",
"Vittadinia blackii",
"Vittadinia gracilis",
"Vriesea hieroglyphica",
"Vriesea splendens",
"Vriesea warmingii",
"Wahlenbergia communis",
"Wahlenbergia gloriosa",
"Wahlenbergia stricta",
"Waldsteinia ternata",
"Waterhousea floribunda",
"Waterhousia floribunda",
"Watsonia borbonica",
"Wedelia trilobata",
"Weigela florida",
"Westringia affinis",
"Westringia brevifolia",
"Westringia dampieri",
"Westringia eremicola",
"Westringia glabra",
"Westringia rigida",
"Wisteria brachybotrys",
"Wisteria floribunda",
"Wisteria sinensis",
"Withania somnifera",
"Wollemia nobilis",
"Woodwardia fimbriata",
"Woodwardia unigemmata",
"Xanthorrhoea australis",
"Xanthorrhoea preissii",
"Xanthorrhoea quadrangulata",
"Xanthostemon chrysanthis",
"Xerochrysum bracteatum",
"Xerochrysum leucopsideum",
"Xerochrysum viscosum",
"Yucca aloifolia",
"Yucca elephantipes",
"Yucca filamentosa",
"Yucca gloriosa",
"Yucca recurvifolia",
"Yucca treculeana",
"Yucca whipplei",
"Zamia furfuracea",
"Zantedeschia aethiopica",
"Zauschneria californica",
"Zea mays",
"Zebrina pendula",
"Zelkova serrata",
"Zephyranthes candida",
"Zephyranthes grandiflora",
"Zieria arborescens",
"Zilla spinosa",
"Zingiber macradenia",
"Zingiber officinale",
"Zingiber spectrabile",
"Zingiber zerumbet",
"Zinnia elegans",
"Ziziphus jujuba",
"Ziziphus nummularia",
"Ziziphus spinachristi",
"Zoysia japonica",
"Zygophyllum apiculatum",
"Zygophyllum billardierei",
"Zygophyllum coccineum",
"Zygophyllum eremaeum",
